[{"model": "admin.logentry", "pk": 1, "fields": {"action_time": "2025-09-14T03:29:15.422Z", "user": 1, "content_type": 6, "object_id": "1", "object_repr": "CPU", "action_flag": 1, "change_message": "[{\"added\": {}}]"}}, {"model": "admin.logentry", "pk": 2, "fields": {"action_time": "2025-09-14T03:44:57.052Z", "user": 1, "content_type": 6, "object_id": "2", "object_repr": "RAM", "action_flag": 1, "change_message": "[{\"added\": {}}]"}}, {"model": "admin.logentry", "pk": 3, "fields": {"action_time": "2025-09-14T03:45:10.437Z", "user": 1, "content_type": 6, "object_id": "3", "object_repr": "PSU", "action_flag": 1, "change_message": "[{\"added\": {}}]"}}, {"model": "admin.logentry", "pk": 4, "fields": {"action_time": "2025-09-14T03:45:20.595Z", "user": 1, "content_type": 6, "object_id": "4", "object_repr": "VGA", "action_flag": 1, "change_message": "[{\"added\": {}}]"}}, {"model": "admin.logentry", "pk": 5, "fields": {"action_time": "2025-09-14T03:45:30.015Z", "user": 1, "content_type": 6, "object_id": "5", "object_repr": "SSD", "action_flag": 1, "change_message": "[{\"added\": {}}]"}}, {"model": "admin.logentry", "pk": 6, "fields": {"action_time": "2025-09-14T06:46:55.673Z", "user": 1, "content_type": 8, "object_id": "1", "object_repr": "CPU Intel Core i5-14400F", "action_flag": 1, "change_message": "[{\"added\": {}}]"}}, {"model": "admin.logentry", "pk": 7, "fields": {"action_time": "2025-09-14T06:47:22.450Z", "user": 1, "content_type": 8, "object_id": "1", "object_repr": "CPU Intel Core i5-14400F", "action_flag": 2, "change_message": "[]"}}, {"model": "admin.logentry", "pk": 8, "fields": {"action_time": "2025-09-14T06:49:24.679Z", "user": 1, "content_type": 8, "object_id": "2", "object_repr": "CPU Intel Core i5-13400F", "action_flag": 1, "change_message": "[{\"added\": {}}]"}}, {"model": "admin.logentry", "pk": 9, "fields": {"action_time": "2025-09-14T06:51:23.685Z", "user": 1, "content_type": 8, "object_id": "3", "object_repr": "CPU Intel Core i7-14700F", "action_flag": 1, "change_message": "[{\"added\": {}}]"}}, {"model": "admin.logentry", "pk": 10, "fields": {"action_time": "2025-09-14T06:53:41.682Z", "user": 1, "content_type": 8, "object_id": "4", "object_repr": "Card m├án h├¼nh GIGABYTE GeForce RTX 4060 Ti AERO OC 8G", "action_flag": 1, "change_message": "[{\"added\": {}}]"}}, {"model": "admin.logentry", "pk": 11, "fields": {"action_time": "2025-09-14T06:55:56.688Z", "user": 1, "content_type": 8, "object_id": "5", "object_repr": "Card M├án H├¼nh ASUS Dual GeForce RTX 5060 8GB GDDR7 OC Edition", "action_flag": 1, "change_message": "[{\"added\": {}}]"}}, {"model": "admin.logentry", "pk": 12, "fields": {"action_time": "2025-09-14T06:58:32.033Z", "user": 1, "content_type": 8, "object_id": "6", "object_repr": "Card m├án h├¼nh ASUS ROG Astral GeForce RTX 5080 16GB GDDR7 OC Edition", "action_flag": 1, "change_message": "[{\"added\": {}}]"}}, {"model": "admin.logentry", "pk": 13, "fields": {"action_time": "2025-09-14T07:00:35.804Z", "user": 1, "content_type": 8, "object_id": "7", "object_repr": "Ram Desktop Adata XPG Spectrix D50 RGB White 16GB (1x16GB) DDR4 3200Mhz", "action_flag": 1, "change_message": "[{\"added\": {}}]"}}, {"model": "admin.logentry", "pk": 14, "fields": {"action_time": "2025-09-14T07:01:40.497Z", "user": 1, "content_type": 8, "object_id": "8", "object_repr": "Ram G.Skill Ripjaws M5 RGB 64GB (2x32GB) 5200MHz DDR5 (F5-5200J4040A32GX2-RM5RK)", "action_flag": 1, "change_message": "[{\"added\": {}}]"}}, {"model": "admin.logentry", "pk": 15, "fields": {"action_time": "2025-09-16T08:54:20.421Z", "user": 1, "content_type": 8, "object_id": "4", "object_repr": "Card m├án h├¼nh GIGABYTE GeForce RTX 4060 Ti AERO OC 8G", "action_flag": 2, "change_message": "[{\"changed\": {\"fields\": [\"Stock\"]}}]"}}, {"model": "admin.logentry", "pk": 16, "fields": {"action_time": "2025-09-19T13:51:20.843Z", "user": 1, "content_type": 11, "object_id": "1", "object_repr": "Variation object (1)", "action_flag": 1, "change_message": "[{\"added\": {}}]"}}, {"model": "admin.logentry", "pk": 17, "fields": {"action_time": "2025-09-19T13:51:41.755Z", "user": 1, "content_type": 11, "object_id": "2", "object_repr": "Variation object (2)", "action_flag": 1, "change_message": "[{\"added\": {}}]"}}, {"model": "admin.logentry", "pk": 18, "fields": {"action_time": "2025-09-19T14:00:52.903Z", "user": 1, "content_type": 11, "object_id": "3", "object_repr": "Variation object (3)", "action_flag": 1, "change_message": "[{\"added\": {}}]"}}, {"model": "admin.logentry", "pk": 19, "fields": {"action_time": "2025-09-19T14:01:00.561Z", "user": 1, "content_type": 11, "object_id": "4", "object_repr": "Variation object (4)", "action_flag": 1, "change_message": "[{\"added\": {}}]"}}, {"model": "admin.logentry", "pk": 20, "fields": {"action_time": "2025-09-19T14:02:14.012Z", "user": 1, "content_type": 8, "object_id": "4", "object_repr": "Card m├án h├¼nh GIGABYTE GeForce RTX 4060 Ti AERO OC 8G", "action_flag": 2, "change_message": "[{\"changed\": {\"fields\": [\"Stock\"]}}]"}}, {"model": "admin.logentry", "pk": 21, "fields": {"action_time": "2025-09-24T04:00:00.837Z", "user": 1, "content_type": 7, "object_id": "8", "object_repr": "phanduon2g@gmail.com", "action_flag": 3, "change_message": ""}}, {"model": "admin.logentry", "pk": 22, "fields": {"action_time": "2025-09-24T04:00:00.837Z", "user": 1, "content_type": 7, "object_id": "7", "object_repr": "toanlke@gmail.com", "action_flag": 3, "change_message": ""}}, {"model": "admin.logentry", "pk": 23, "fields": {"action_time": "2025-09-24T04:00:00.837Z", "user": 1, "content_type": 7, "object_id": "6", "object_repr": "minhnguyen@gmail.com", "action_flag": 3, "change_message": ""}}, {"model": "admin.logentry", "pk": 24, "fields": {"action_time": "2025-09-24T04:00:00.837Z", "user": 1, "content_type": 7, "object_id": "5", "object_repr": "changguyen@gmail.com", "action_flag": 3, "change_message": ""}}, {"model": "admin.logentry", "pk": 25, "fields": {"action_time": "2025-09-24T04:00:00.837Z", "user": 1, "content_type": 7, "object_id": "4", "object_repr": "vanNguyenas@gmail.com", "action_flag": 3, "change_message": ""}}, {"model": "admin.logentry", "pk": 26, "fields": {"action_time": "2025-09-24T04:00:00.837Z", "user": 1, "content_type": 7, "object_id": "3", "object_repr": "thaole@gmail.com", "action_flag": 3, "change_message": ""}}, {"model": "admin.logentry", "pk": 27, "fields": {"action_time": "2025-09-24T04:23:39.406Z", "user": 1, "content_type": 7, "object_id": "9", "object_repr": "nguyenthaiduong92tlt@gmail.com", "action_flag": 3, "change_message": ""}}, {"model": "admin.logentry", "pk": 28, "fields": {"action_time": "2025-09-24T04:31:17.857Z", "user": 1, "content_type": 7, "object_id": "11", "object_repr": "lehoangthanh88888@gmail.com", "action_flag": 2, "change_message": "[{\"changed\": {\"fields\": [\"Is active\"]}}]"}}, {"model": "admin.logentry", "pk": 29, "fields": {"action_time": "2025-09-24T04:32:19.443Z", "user": 1, "content_type": 7, "object_id": "11", "object_repr": "lehoangthanh88888@gmail.com", "action_flag": 3, "change_message": ""}}, {"model": "admin.logentry", "pk": 30, "fields": {"action_time": "2025-09-24T04:51:30.416Z", "user": 1, "content_type": 7, "object_id": "12", "object_repr": "lehoangthanh88888@gmail.com", "action_flag": 3, "change_message": ""}}, {"model": "admin.logentry", "pk": 31, "fields": {"action_time": "2025-09-24T04:51:30.416Z", "user": 1, "content_type": 7, "object_id": "10", "object_repr": "nguyenthaiduong92tlt@gmail.com", "action_flag": 3, "change_message": ""}}, {"model": "admin.logentry", "pk": 32, "fields": {"action_time": "2025-09-25T14:26:20.071Z", "user": 1, "content_type": 9, "object_id": "16", "object_repr": "CartItem object (16)", "action_flag": 3, "change_message": ""}}, {"model": "admin.logentry", "pk": 33, "fields": {"action_time": "2025-09-25T14:26:20.071Z", "user": 1, "content_type": 9, "object_id": "15", "object_repr": "CartItem object (15)", "action_flag": 3, "change_message": ""}}, {"model": "admin.logentry", "pk": 34, "fields": {"action_time": "2025-09-25T14:26:20.071Z", "user": 1, "content_type": 9, "object_id": "14", "object_repr": "CartItem object (14)", "action_flag": 3, "change_message": ""}}, {"model": "admin.logentry", "pk": 35, "fields": {"action_time": "2025-09-25T14:26:20.071Z", "user": 1, "content_type": 9, "object_id": "11", "object_repr": "CartItem object (11)", "action_flag": 3, "change_message": ""}}, {"model": "admin.logentry", "pk": 36, "fields": {"action_time": "2025-09-25T14:26:20.071Z", "user": 1, "content_type": 9, "object_id": "10", "object_repr": "CartItem object (10)", "action_flag": 3, "change_message": ""}}, {"model": "admin.logentry", "pk": 37, "fields": {"action_time": "2025-09-25T14:26:20.071Z", "user": 1, "content_type": 9, "object_id": "9", "object_repr": "CartItem object (9)", "action_flag": 3, "change_message": ""}}, {"model": "admin.logentry", "pk": 38, "fields": {"action_time": "2025-09-25T14:29:39.627Z", "user": 1, "content_type": 9, "object_id": "17", "object_repr": "CartItem object (17)", "action_flag": 3, "change_message": ""}}, {"model": "admin.logentry", "pk": 39, "fields": {"action_time": "2025-09-26T04:24:09.380Z", "user": 1, "content_type": 9, "object_id": "20", "object_repr": "CartItem object (20)", "action_flag": 3, "change_message": ""}}, {"model": "admin.logentry", "pk": 40, "fields": {"action_time": "2025-09-26T04:24:09.380Z", "user": 1, "content_type": 9, "object_id": "19", "object_repr": "CartItem object (19)", "action_flag": 3, "change_message": ""}}, {"model": "admin.logentry", "pk": 41, "fields": {"action_time": "2025-09-26T04:24:09.380Z", "user": 1, "content_type": 9, "object_id": "18", "object_repr": "CartItem object (18)", "action_flag": 3, "change_message": ""}}, {"model": "admin.logentry", "pk": 42, "fields": {"action_time": "2025-09-26T04:27:07.454Z", "user": 1, "content_type": 10, "object_id": "8", "object_repr": "2nyl7i2212kchpqc11zxrxwqp480sc79", "action_flag": 3, "change_message": ""}}, {"model": "admin.logentry", "pk": 43, "fields": {"action_time": "2025-09-26T04:27:07.454Z", "user": 1, "content_type": 10, "object_id": "7", "object_repr": "uoxcbt9f5ghs7wkviwqpnzj2q2b12n6y", "action_flag": 3, "change_message": ""}}, {"model": "admin.logentry", "pk": 44, "fields": {"action_time": "2025-09-26T04:27:07.454Z", "user": 1, "content_type": 10, "object_id": "6", "object_repr": "bq87h45feow93mz7v1xhz3wm1qsrj1vx", "action_flag": 3, "change_message": ""}}, {"model": "admin.logentry", "pk": 45, "fields": {"action_time": "2025-09-26T04:27:07.454Z", "user": 1, "content_type": 10, "object_id": "5", "object_repr": "578l0p7pao4d78eaxuquqfe2zm3baarc", "action_flag": 3, "change_message": ""}}, {"model": "admin.logentry", "pk": 46, "fields": {"action_time": "2025-09-26T04:27:07.454Z", "user": 1, "content_type": 10, "object_id": "4", "object_repr": "1afww8k4hz22m5cgdkxsyrkq2l1d6vu7", "action_flag": 3, "change_message": ""}}, {"model": "admin.logentry", "pk": 47, "fields": {"action_time": "2025-09-26T04:27:07.454Z", "user": 1, "content_type": 10, "object_id": "3", "object_repr": "orwiwi98yl14macw8sk7f0a38raluhxp", "action_flag": 3, "change_message": ""}}, {"model": "admin.logentry", "pk": 48, "fields": {"action_time": "2025-09-26T04:27:07.454Z", "user": 1, "content_type": 10, "object_id": "2", "object_repr": "w99ox3oube0ncnwp3qqrz0yvdn1al7oh", "action_flag": 3, "change_message": ""}}, {"model": "admin.logentry", "pk": 49, "fields": {"action_time": "2025-09-26T04:27:07.454Z", "user": 1, "content_type": 10, "object_id": "1", "object_repr": "inhi48h1hiutg6u4ugg6erh4zbrevhmn", "action_flag": 3, "change_message": ""}}, {"model": "admin.logentry", "pk": 50, "fields": {"action_time": "2025-09-26T04:38:25.126Z", "user": 1, "content_type": 10, "object_id": "9", "object_repr": "2nyl7i2212kchpqc11zxrxwqp480sc79", "action_flag": 3, "change_message": ""}}, {"model": "admin.logentry", "pk": 51, "fields": {"action_time": "2025-09-26T04:49:34.625Z", "user": 1, "content_type": 9, "object_id": "25", "object_repr": "CartItem object (25)", "action_flag": 3, "change_message": ""}}, {"model": "admin.logentry", "pk": 52, "fields": {"action_time": "2025-09-26T04:49:34.625Z", "user": 1, "content_type": 9, "object_id": "24", "object_repr": "CartItem object (24)", "action_flag": 3, "change_message": ""}}, {"model": "admin.logentry", "pk": 53, "fields": {"action_time": "2025-09-26T04:49:34.625Z", "user": 1, "content_type": 9, "object_id": "23", "object_repr": "CartItem object (23)", "action_flag": 3, "change_message": ""}}, {"model": "admin.logentry", "pk": 54, "fields": {"action_time": "2025-09-26T06:02:03.830Z", "user": 1, "content_type": 9, "object_id": "27", "object_repr": "CartItem object (27)", "action_flag": 3, "change_message": ""}}, {"model": "admin.logentry", "pk": 55, "fields": {"action_time": "2025-09-26T06:02:03.830Z", "user": 1, "content_type": 9, "object_id": "26", "object_repr": "CartItem object (26)", "action_flag": 3, "change_message": ""}}, {"model": "admin.logentry", "pk": 56, "fields": {"action_time": "2025-09-26T06:06:05.523Z", "user": 1, "content_type": 10, "object_id": "14", "object_repr": "dfd65u6bvo1pfoljeimipj4hio4lsnky", "action_flag": 3, "change_message": ""}}, {"model": "admin.logentry", "pk": 57, "fields": {"action_time": "2025-09-26T06:06:05.523Z", "user": 1, "content_type": 10, "object_id": "13", "object_repr": "2o62sn84h1buaaeb0vjfxbmenztoew20", "action_flag": 3, "change_message": ""}}, {"model": "admin.logentry", "pk": 58, "fields": {"action_time": "2025-09-26T06:06:05.523Z", "user": 1, "content_type": 10, "object_id": "12", "object_repr": "t5yvdnx250i8m1f8ef2aouruzwe3g9q9", "action_flag": 3, "change_message": ""}}, {"model": "admin.logentry", "pk": 59, "fields": {"action_time": "2025-09-26T06:06:05.523Z", "user": 1, "content_type": 10, "object_id": "11", "object_repr": "f8mcu41dvrtaerhs0sz23u5sfpiqxu5p", "action_flag": 3, "change_message": ""}}, {"model": "admin.logentry", "pk": 60, "fields": {"action_time": "2025-09-26T06:06:05.523Z", "user": 1, "content_type": 10, "object_id": "10", "object_repr": "4795p3s13wz3oa4pidppefqet8cztwky", "action_flag": 3, "change_message": ""}}, {"model": "admin.logentry", "pk": 61, "fields": {"action_time": "2025-09-26T06:06:11.835Z", "user": 1, "content_type": 9, "object_id": "28", "object_repr": "CartItem object (28)", "action_flag": 3, "change_message": ""}}, {"model": "admin.logentry", "pk": 62, "fields": {"action_time": "2025-09-26T06:08:58.439Z", "user": 1, "content_type": 9, "object_id": "30", "object_repr": "CartItem object (30)", "action_flag": 3, "change_message": ""}}, {"model": "admin.logentry", "pk": 63, "fields": {"action_time": "2025-09-26T06:10:29.251Z", "user": 1, "content_type": 9, "object_id": "32", "object_repr": "CartItem object (32)", "action_flag": 3, "change_message": ""}}, {"model": "admin.logentry", "pk": 64, "fields": {"action_time": "2025-09-26T06:10:29.251Z", "user": 1, "content_type": 9, "object_id": "31", "object_repr": "CartItem object (31)", "action_flag": 3, "change_message": ""}}, {"model": "admin.logentry", "pk": 65, "fields": {"action_time": "2025-09-26T10:11:56.309Z", "user": 1, "content_type": 9, "object_id": "35", "object_repr": "CartItem object (35)", "action_flag": 3, "change_message": ""}}, {"model": "admin.logentry", "pk": 66, "fields": {"action_time": "2025-09-26T10:11:56.309Z", "user": 1, "content_type": 9, "object_id": "34", "object_repr": "CartItem object (34)", "action_flag": 3, "change_message": ""}}, {"model": "admin.logentry", "pk": 67, "fields": {"action_time": "2025-09-26T10:11:56.309Z", "user": 1, "content_type": 9, "object_id": "33", "object_repr": "CartItem object (33)", "action_flag": 3, "change_message": ""}}, {"model": "admin.logentry", "pk": 68, "fields": {"action_time": "2025-09-26T10:14:38.071Z", "user": 1, "content_type": 9, "object_id": "38", "object_repr": "CartItem object (38)", "action_flag": 3, "change_message": ""}}, {"model": "admin.logentry", "pk": 69, "fields": {"action_time": "2025-09-26T10:14:38.071Z", "user": 1, "content_type": 9, "object_id": "37", "object_repr": "CartItem object (37)", "action_flag": 3, "change_message": ""}}, {"model": "admin.logentry", "pk": 70, "fields": {"action_time": "2025-09-26T10:14:38.072Z", "user": 1, "content_type": 9, "object_id": "36", "object_repr": "CartItem object (36)", "action_flag": 3, "change_message": ""}}, {"model": "admin.logentry", "pk": 71, "fields": {"action_time": "2025-09-26T10:31:20.535Z", "user": 1, "content_type": 9, "object_id": "40", "object_repr": "CartItem object (40)", "action_flag": 3, "change_message": ""}}, {"model": "admin.logentry", "pk": 72, "fields": {"action_time": "2025-09-26T10:31:20.535Z", "user": 1, "content_type": 9, "object_id": "39", "object_repr": "CartItem object (39)", "action_flag": 3, "change_message": ""}}, {"model": "admin.logentry", "pk": 73, "fields": {"action_time": "2025-09-26T10:31:26.039Z", "user": 1, "content_type": 10, "object_id": "20", "object_repr": "dhk2h6q6akmuvr5rakb1mgbwbl3q8dn1", "action_flag": 3, "change_message": ""}}, {"model": "admin.logentry", "pk": 74, "fields": {"action_time": "2025-09-26T10:31:26.039Z", "user": 1, "content_type": 10, "object_id": "19", "object_repr": "61tjqru5iyqgo03fkbry4fnlnx54aeh1", "action_flag": 3, "change_message": ""}}, {"model": "admin.logentry", "pk": 75, "fields": {"action_time": "2025-09-26T10:31:26.039Z", "user": 1, "content_type": 10, "object_id": "18", "object_repr": "nu5dysmlaxdg344wnd1gqd4d7rg1w5sc", "action_flag": 3, "change_message": ""}}, {"model": "admin.logentry", "pk": 76, "fields": {"action_time": "2025-09-26T10:31:26.039Z", "user": 1, "content_type": 10, "object_id": "17", "object_repr": "d7wmuh06a8vy1id0j0p30s58c3if3l5b", "action_flag": 3, "change_message": ""}}, {"model": "admin.logentry", "pk": 77, "fields": {"action_time": "2025-09-26T10:31:26.039Z", "user": 1, "content_type": 10, "object_id": "16", "object_repr": "69wf3sbtj3px9twdswg47zf1un5ag297", "action_flag": 3, "change_message": ""}}, {"model": "admin.logentry", "pk": 78, "fields": {"action_time": "2025-09-26T10:31:26.039Z", "user": 1, "content_type": 10, "object_id": "15", "object_repr": "27blsyaxs726ih4e7bpetwfn2qv8yem0", "action_flag": 3, "change_message": ""}}, {"model": "admin.logentry", "pk": 79, "fields": {"action_time": "2025-09-26T10:43:48.154Z", "user": 1, "content_type": 9, "object_id": "41", "object_repr": "CartItem object (41)", "action_flag": 2, "change_message": "[{\"changed\": {\"fields\": [\"Cart\"]}}]"}}, {"model": "admin.logentry", "pk": 80, "fields": {"action_time": "2025-09-26T10:44:34.638Z", "user": 1, "content_type": 9, "object_id": "42", "object_repr": "CartItem object (42)", "action_flag": 3, "change_message": ""}}, {"model": "admin.logentry", "pk": 81, "fields": {"action_time": "2025-09-26T10:44:34.638Z", "user": 1, "content_type": 9, "object_id": "41", "object_repr": "CartItem object (41)", "action_flag": 3, "change_message": ""}}, {"model": "admin.logentry", "pk": 82, "fields": {"action_time": "2025-09-28T13:12:07.427Z", "user": 1, "content_type": 9, "object_id": "48", "object_repr": "CartItem object (48)", "action_flag": 3, "change_message": ""}}, {"model": "admin.logentry", "pk": 83, "fields": {"action_time": "2025-09-28T13:12:07.428Z", "user": 1, "content_type": 9, "object_id": "47", "object_repr": "CartItem object (47)", "action_flag": 3, "change_message": ""}}, {"model": "admin.logentry", "pk": 84, "fields": {"action_time": "2025-09-28T13:12:07.428Z", "user": 1, "content_type": 9, "object_id": "46", "object_repr": "CartItem object (46)", "action_flag": 3, "change_message": ""}}, {"model": "admin.logentry", "pk": 85, "fields": {"action_time": "2025-09-28T13:12:07.428Z", "user": 1, "content_type": 9, "object_id": "45", "object_repr": "CartItem object (45)", "action_flag": 3, "change_message": ""}}, {"model": "admin.logentry", "pk": 86, "fields": {"action_time": "2025-09-28T13:12:07.428Z", "user": 1, "content_type": 9, "object_id": "44", "object_repr": "CartItem object (44)", "action_flag": 3, "change_message": ""}}, {"model": "admin.logentry", "pk": 87, "fields": {"action_time": "2025-09-28T13:12:07.428Z", "user": 1, "content_type": 9, "object_id": "43", "object_repr": "CartItem object (43)", "action_flag": 3, "change_message": ""}}, {"model": "admin.logentry", "pk": 88, "fields": {"action_time": "2025-09-28T13:50:06.501Z", "user": 1, "content_type": 10, "object_id": "28", "object_repr": "7thwn3dm1cfduph2qd0mncjj9uyn1ke0", "action_flag": 3, "change_message": ""}}, {"model": "admin.logentry", "pk": 89, "fields": {"action_time": "2025-09-28T13:50:06.501Z", "user": 1, "content_type": 10, "object_id": "27", "object_repr": "k3ccufync2i1aiha41imjp52o7xq00nu", "action_flag": 3, "change_message": ""}}, {"model": "admin.logentry", "pk": 90, "fields": {"action_time": "2025-09-28T13:50:06.501Z", "user": 1, "content_type": 10, "object_id": "26", "object_repr": "06iwxx598h78zjl5nz1avvxadrj1xh3d", "action_flag": 3, "change_message": ""}}, {"model": "admin.logentry", "pk": 91, "fields": {"action_time": "2025-09-28T13:50:06.501Z", "user": 1, "content_type": 10, "object_id": "25", "object_repr": "60q8havkouhqignujx5mc0fn8n03wmh8", "action_flag": 3, "change_message": ""}}, {"model": "admin.logentry", "pk": 92, "fields": {"action_time": "2025-09-28T13:50:06.501Z", "user": 1, "content_type": 10, "object_id": "24", "object_repr": "ktm9phuui32ov8j9lyz57jzefxf7eom1", "action_flag": 3, "change_message": ""}}, {"model": "admin.logentry", "pk": 93, "fields": {"action_time": "2025-09-28T13:50:06.501Z", "user": 1, "content_type": 10, "object_id": "23", "object_repr": "96wtdstjmlz1di4bi4nk49b99ddlw98n", "action_flag": 3, "change_message": ""}}, {"model": "admin.logentry", "pk": 94, "fields": {"action_time": "2025-09-28T13:50:06.501Z", "user": 1, "content_type": 10, "object_id": "22", "object_repr": "1g1vkfn8tzacmad0l6v4zx0v1n7x71fq", "action_flag": 3, "change_message": ""}}, {"model": "admin.logentry", "pk": 95, "fields": {"action_time": "2025-09-28T13:50:06.501Z", "user": 1, "content_type": 10, "object_id": "21", "object_repr": "vut0sxrmtowu3s3zj68kib5yssodnd1v", "action_flag": 3, "change_message": ""}}, {"model": "admin.logentry", "pk": 96, "fields": {"action_time": "2025-09-28T14:32:59.310Z", "user": 1, "content_type": 10, "object_id": "31", "object_repr": "sa2kcznelu9rwx0gm25q9vltnzc3k7y7", "action_flag": 3, "change_message": ""}}, {"model": "admin.logentry", "pk": 97, "fields": {"action_time": "2025-09-28T14:32:59.310Z", "user": 1, "content_type": 10, "object_id": "30", "object_repr": "t7f16uhlzqyt52lx7gzafjdtai14nxlm", "action_flag": 3, "change_message": ""}}, {"model": "admin.logentry", "pk": 98, "fields": {"action_time": "2025-09-28T14:32:59.310Z", "user": 1, "content_type": 10, "object_id": "29", "object_repr": "nzs11x9zindl7iwjxugaj5wsmra4efhv", "action_flag": 3, "change_message": ""}}, {"model": "admin.logentry", "pk": 99, "fields": {"action_time": "2025-09-28T14:33:36.301Z", "user": 1, "content_type": 9, "object_id": "59", "object_repr": "CartItem object (59)", "action_flag": 2, "change_message": "[{\"changed\": {\"fields\": [\"User\"]}}]"}}, {"model": "admin.logentry", "pk": 100, "fields": {"action_time": "2025-09-29T06:43:33.878Z", "user": 1, "content_type": 9, "object_id": "62", "object_repr": "CartItem object (62)", "action_flag": 3, "change_message": ""}}, {"model": "admin.logentry", "pk": 101, "fields": {"action_time": "2025-09-29T06:43:33.878Z", "user": 1, "content_type": 9, "object_id": "61", "object_repr": "CartItem object (61)", "action_flag": 3, "change_message": ""}}, {"model": "admin.logentry", "pk": 102, "fields": {"action_time": "2025-09-29T06:43:33.878Z", "user": 1, "content_type": 9, "object_id": "60", "object_repr": "CartItem object (60)", "action_flag": 3, "change_message": ""}}, {"model": "admin.logentry", "pk": 103, "fields": {"action_time": "2025-09-29T06:43:33.878Z", "user": 1, "content_type": 9, "object_id": "59", "object_repr": "CartItem object (59)", "action_flag": 3, "change_message": ""}}, {"model": "admin.logentry", "pk": 104, "fields": {"action_time": "2025-09-29T06:43:33.878Z", "user": 1, "content_type": 9, "object_id": "58", "object_repr": "CartItem object (58)", "action_flag": 3, "change_message": ""}}, {"model": "admin.logentry", "pk": 105, "fields": {"action_time": "2025-10-07T05:54:28.835Z", "user": 1, "content_type": 13, "object_id": "60", "object_repr": "Thanh", "action_flag": 3, "change_message": ""}}, {"model": "admin.logentry", "pk": 106, "fields": {"action_time": "2025-10-07T05:54:28.835Z", "user": 1, "content_type": 13, "object_id": "59", "object_repr": "Thanh", "action_flag": 3, "change_message": ""}}, {"model": "admin.logentry", "pk": 107, "fields": {"action_time": "2025-10-07T05:54:28.835Z", "user": 1, "content_type": 13, "object_id": "58", "object_repr": "Thanh", "action_flag": 3, "change_message": ""}}, {"model": "admin.logentry", "pk": 108, "fields": {"action_time": "2025-10-07T05:54:28.835Z", "user": 1, "content_type": 13, "object_id": "57", "object_repr": "Thanh", "action_flag": 3, "change_message": ""}}, {"model": "admin.logentry", "pk": 109, "fields": {"action_time": "2025-10-07T05:54:28.835Z", "user": 1, "content_type": 13, "object_id": "56", "object_repr": "Thanh", "action_flag": 3, "change_message": ""}}, {"model": "admin.logentry", "pk": 110, "fields": {"action_time": "2025-10-07T05:54:28.835Z", "user": 1, "content_type": 13, "object_id": "55", "object_repr": "Thanh", "action_flag": 3, "change_message": ""}}, {"model": "admin.logentry", "pk": 111, "fields": {"action_time": "2025-10-07T05:54:28.835Z", "user": 1, "content_type": 13, "object_id": "54", "object_repr": "Thanh", "action_flag": 3, "change_message": ""}}, {"model": "admin.logentry", "pk": 112, "fields": {"action_time": "2025-10-07T05:54:28.835Z", "user": 1, "content_type": 13, "object_id": "53", "object_repr": "Thanh", "action_flag": 3, "change_message": ""}}, {"model": "admin.logentry", "pk": 113, "fields": {"action_time": "2025-10-07T05:54:28.835Z", "user": 1, "content_type": 13, "object_id": "52", "object_repr": "Thanh", "action_flag": 3, "change_message": ""}}, {"model": "admin.logentry", "pk": 114, "fields": {"action_time": "2025-10-07T05:54:28.835Z", "user": 1, "content_type": 13, "object_id": "51", "object_repr": "Thanh", "action_flag": 3, "change_message": ""}}, {"model": "admin.logentry", "pk": 115, "fields": {"action_time": "2025-10-07T05:54:28.835Z", "user": 1, "content_type": 13, "object_id": "50", "object_repr": "Thanh", "action_flag": 3, "change_message": ""}}, {"model": "admin.logentry", "pk": 116, "fields": {"action_time": "2025-10-07T05:54:28.835Z", "user": 1, "content_type": 13, "object_id": "49", "object_repr": "Thanh", "action_flag": 3, "change_message": ""}}, {"model": "admin.logentry", "pk": 117, "fields": {"action_time": "2025-10-07T05:54:28.835Z", "user": 1, "content_type": 13, "object_id": "48", "object_repr": "Thanh", "action_flag": 3, "change_message": ""}}, {"model": "admin.logentry", "pk": 118, "fields": {"action_time": "2025-10-07T05:54:28.835Z", "user": 1, "content_type": 13, "object_id": "47", "object_repr": "Thanh", "action_flag": 3, "change_message": ""}}, {"model": "admin.logentry", "pk": 119, "fields": {"action_time": "2025-10-07T05:54:28.835Z", "user": 1, "content_type": 13, "object_id": "46", "object_repr": "Thanh", "action_flag": 3, "change_message": ""}}, {"model": "admin.logentry", "pk": 120, "fields": {"action_time": "2025-10-07T05:54:28.835Z", "user": 1, "content_type": 13, "object_id": "45", "object_repr": "Thanh", "action_flag": 3, "change_message": ""}}, {"model": "admin.logentry", "pk": 121, "fields": {"action_time": "2025-10-07T05:54:28.835Z", "user": 1, "content_type": 13, "object_id": "44", "object_repr": "Thanh", "action_flag": 3, "change_message": ""}}, {"model": "admin.logentry", "pk": 122, "fields": {"action_time": "2025-10-07T05:54:28.835Z", "user": 1, "content_type": 13, "object_id": "43", "object_repr": "Thanh", "action_flag": 3, "change_message": ""}}, {"model": "admin.logentry", "pk": 123, "fields": {"action_time": "2025-10-07T05:54:28.835Z", "user": 1, "content_type": 13, "object_id": "42", "object_repr": "Thanh", "action_flag": 3, "change_message": ""}}, {"model": "admin.logentry", "pk": 124, "fields": {"action_time": "2025-10-07T05:54:28.835Z", "user": 1, "content_type": 13, "object_id": "41", "object_repr": "Thanh", "action_flag": 3, "change_message": ""}}, {"model": "admin.logentry", "pk": 125, "fields": {"action_time": "2025-10-07T05:54:28.835Z", "user": 1, "content_type": 13, "object_id": "40", "object_repr": "Thanh", "action_flag": 3, "change_message": ""}}, {"model": "admin.logentry", "pk": 126, "fields": {"action_time": "2025-10-07T05:54:28.836Z", "user": 1, "content_type": 13, "object_id": "39", "object_repr": "Thanh", "action_flag": 3, "change_message": ""}}, {"model": "admin.logentry", "pk": 127, "fields": {"action_time": "2025-10-07T05:54:28.836Z", "user": 1, "content_type": 13, "object_id": "38", "object_repr": "Thanh", "action_flag": 3, "change_message": ""}}, {"model": "admin.logentry", "pk": 128, "fields": {"action_time": "2025-10-07T05:54:28.836Z", "user": 1, "content_type": 13, "object_id": "37", "object_repr": "Thanh", "action_flag": 3, "change_message": ""}}, {"model": "admin.logentry", "pk": 129, "fields": {"action_time": "2025-10-07T05:54:28.836Z", "user": 1, "content_type": 13, "object_id": "36", "object_repr": "Thanh", "action_flag": 3, "change_message": ""}}, {"model": "admin.logentry", "pk": 130, "fields": {"action_time": "2025-10-07T05:54:28.836Z", "user": 1, "content_type": 13, "object_id": "35", "object_repr": "Thanh", "action_flag": 3, "change_message": ""}}, {"model": "admin.logentry", "pk": 131, "fields": {"action_time": "2025-10-07T05:54:28.836Z", "user": 1, "content_type": 13, "object_id": "34", "object_repr": "Thanh", "action_flag": 3, "change_message": ""}}, {"model": "admin.logentry", "pk": 132, "fields": {"action_time": "2025-10-07T05:54:28.836Z", "user": 1, "content_type": 13, "object_id": "33", "object_repr": "Thanh", "action_flag": 3, "change_message": ""}}, {"model": "admin.logentry", "pk": 133, "fields": {"action_time": "2025-10-07T05:54:28.836Z", "user": 1, "content_type": 13, "object_id": "32", "object_repr": "Thanh", "action_flag": 3, "change_message": ""}}, {"model": "admin.logentry", "pk": 134, "fields": {"action_time": "2025-10-07T05:54:28.836Z", "user": 1, "content_type": 13, "object_id": "31", "object_repr": "Thanh", "action_flag": 3, "change_message": ""}}, {"model": "admin.logentry", "pk": 135, "fields": {"action_time": "2025-10-07T05:54:28.836Z", "user": 1, "content_type": 13, "object_id": "30", "object_repr": "Thanh", "action_flag": 3, "change_message": ""}}, {"model": "admin.logentry", "pk": 136, "fields": {"action_time": "2025-10-07T05:54:28.836Z", "user": 1, "content_type": 13, "object_id": "29", "object_repr": "Thanh", "action_flag": 3, "change_message": ""}}, {"model": "admin.logentry", "pk": 137, "fields": {"action_time": "2025-10-07T05:54:28.836Z", "user": 1, "content_type": 13, "object_id": "28", "object_repr": "Thanh", "action_flag": 3, "change_message": ""}}, {"model": "admin.logentry", "pk": 138, "fields": {"action_time": "2025-10-07T05:54:28.836Z", "user": 1, "content_type": 13, "object_id": "27", "object_repr": "Thanh", "action_flag": 3, "change_message": ""}}, {"model": "admin.logentry", "pk": 139, "fields": {"action_time": "2025-10-07T05:54:28.836Z", "user": 1, "content_type": 13, "object_id": "26", "object_repr": "Thanh", "action_flag": 3, "change_message": ""}}, {"model": "admin.logentry", "pk": 140, "fields": {"action_time": "2025-10-07T05:54:28.836Z", "user": 1, "content_type": 13, "object_id": "25", "object_repr": "Thanh", "action_flag": 3, "change_message": ""}}, {"model": "admin.logentry", "pk": 141, "fields": {"action_time": "2025-10-07T05:54:28.836Z", "user": 1, "content_type": 13, "object_id": "24", "object_repr": "Thanh", "action_flag": 3, "change_message": ""}}, {"model": "admin.logentry", "pk": 142, "fields": {"action_time": "2025-10-07T05:54:28.836Z", "user": 1, "content_type": 13, "object_id": "23", "object_repr": "Thanh", "action_flag": 3, "change_message": ""}}, {"model": "admin.logentry", "pk": 143, "fields": {"action_time": "2025-10-07T05:54:28.836Z", "user": 1, "content_type": 13, "object_id": "22", "object_repr": "Thanh", "action_flag": 3, "change_message": ""}}, {"model": "admin.logentry", "pk": 144, "fields": {"action_time": "2025-10-07T05:54:28.836Z", "user": 1, "content_type": 13, "object_id": "21", "object_repr": "Thanh", "action_flag": 3, "change_message": ""}}, {"model": "admin.logentry", "pk": 145, "fields": {"action_time": "2025-10-07T05:54:28.836Z", "user": 1, "content_type": 13, "object_id": "20", "object_repr": "Thanh", "action_flag": 3, "change_message": ""}}, {"model": "admin.logentry", "pk": 146, "fields": {"action_time": "2025-10-07T05:54:28.836Z", "user": 1, "content_type": 13, "object_id": "19", "object_repr": "Thanh", "action_flag": 3, "change_message": ""}}, {"model": "admin.logentry", "pk": 147, "fields": {"action_time": "2025-10-07T05:54:28.836Z", "user": 1, "content_type": 13, "object_id": "18", "object_repr": "Thanh", "action_flag": 3, "change_message": ""}}, {"model": "admin.logentry", "pk": 148, "fields": {"action_time": "2025-10-07T05:54:28.836Z", "user": 1, "content_type": 13, "object_id": "17", "object_repr": "Thanh", "action_flag": 3, "change_message": ""}}, {"model": "admin.logentry", "pk": 149, "fields": {"action_time": "2025-10-07T05:54:28.836Z", "user": 1, "content_type": 13, "object_id": "16", "object_repr": "Thanh", "action_flag": 3, "change_message": ""}}, {"model": "admin.logentry", "pk": 150, "fields": {"action_time": "2025-10-07T05:54:28.836Z", "user": 1, "content_type": 13, "object_id": "15", "object_repr": "Thanh", "action_flag": 3, "change_message": ""}}, {"model": "admin.logentry", "pk": 151, "fields": {"action_time": "2025-10-07T05:54:28.836Z", "user": 1, "content_type": 13, "object_id": "14", "object_repr": "Thanh", "action_flag": 3, "change_message": ""}}, {"model": "admin.logentry", "pk": 152, "fields": {"action_time": "2025-10-07T05:54:28.836Z", "user": 1, "content_type": 13, "object_id": "13", "object_repr": "Thanh", "action_flag": 3, "change_message": ""}}, {"model": "admin.logentry", "pk": 153, "fields": {"action_time": "2025-10-07T05:54:28.836Z", "user": 1, "content_type": 13, "object_id": "12", "object_repr": "Thanh", "action_flag": 3, "change_message": ""}}, {"model": "admin.logentry", "pk": 154, "fields": {"action_time": "2025-10-07T05:54:28.836Z", "user": 1, "content_type": 13, "object_id": "11", "object_repr": "Thanh", "action_flag": 3, "change_message": ""}}, {"model": "admin.logentry", "pk": 155, "fields": {"action_time": "2025-10-07T05:54:28.836Z", "user": 1, "content_type": 13, "object_id": "10", "object_repr": "Thanh", "action_flag": 3, "change_message": ""}}, {"model": "admin.logentry", "pk": 156, "fields": {"action_time": "2025-10-07T05:54:28.836Z", "user": 1, "content_type": 13, "object_id": "9", "object_repr": "Thanh", "action_flag": 3, "change_message": ""}}, {"model": "admin.logentry", "pk": 157, "fields": {"action_time": "2025-10-07T05:54:28.836Z", "user": 1, "content_type": 13, "object_id": "8", "object_repr": "Duong", "action_flag": 3, "change_message": ""}}, {"model": "admin.logentry", "pk": 158, "fields": {"action_time": "2025-10-07T05:54:28.837Z", "user": 1, "content_type": 13, "object_id": "7", "object_repr": "Duong", "action_flag": 3, "change_message": ""}}, {"model": "admin.logentry", "pk": 159, "fields": {"action_time": "2025-10-07T05:54:28.837Z", "user": 1, "content_type": 13, "object_id": "6", "object_repr": "Duong", "action_flag": 3, "change_message": ""}}, {"model": "admin.logentry", "pk": 160, "fields": {"action_time": "2025-10-07T05:54:28.837Z", "user": 1, "content_type": 13, "object_id": "5", "object_repr": "Duong", "action_flag": 3, "change_message": ""}}, {"model": "admin.logentry", "pk": 161, "fields": {"action_time": "2025-10-07T05:54:28.837Z", "user": 1, "content_type": 13, "object_id": "4", "object_repr": "Duong", "action_flag": 3, "change_message": ""}}, {"model": "admin.logentry", "pk": 162, "fields": {"action_time": "2025-10-07T05:54:28.837Z", "user": 1, "content_type": 13, "object_id": "3", "object_repr": "Duong", "action_flag": 3, "change_message": ""}}, {"model": "admin.logentry", "pk": 163, "fields": {"action_time": "2025-10-07T05:54:28.837Z", "user": 1, "content_type": 13, "object_id": "2", "object_repr": "Duong", "action_flag": 3, "change_message": ""}}, {"model": "admin.logentry", "pk": 164, "fields": {"action_time": "2025-10-07T05:54:28.837Z", "user": 1, "content_type": 13, "object_id": "1", "object_repr": "Thanh", "action_flag": 3, "change_message": ""}}, {"model": "admin.logentry", "pk": 165, "fields": {"action_time": "2025-10-09T13:48:47.326Z", "user": 1, "content_type": 8, "object_id": "4", "object_repr": "Card m├án h├¼nh GIGABYTE GeForce RTX 4060 Ti AERO OC 8G", "action_flag": 2, "change_message": "[{\"changed\": {\"fields\": [\"Stock\"]}}]"}}, {"model": "admin.logentry", "pk": 166, "fields": {"action_time": "2025-10-11T14:18:43.991Z", "user": 1, "content_type": 15, "object_id": "1", "object_repr": "", "action_flag": 2, "change_message": "[{\"changed\": {\"fields\": [\"Rating\"]}}]"}}, {"model": "admin.logentry", "pk": 167, "fields": {"action_time": "2025-10-11T14:24:20.217Z", "user": 1, "content_type": 15, "object_id": "1", "object_repr": "", "action_flag": 2, "change_message": "[]"}}, {"model": "admin.logentry", "pk": 168, "fields": {"action_time": "2025-10-11T14:24:36.031Z", "user": 1, "content_type": 15, "object_id": "2", "object_repr": "resa", "action_flag": 1, "change_message": "[{\"added\": {}}]"}}, {"model": "admin.logentry", "pk": 169, "fields": {"action_time": "2025-10-12T13:25:22.240Z", "user": 1, "content_type": 13, "object_id": "87", "object_repr": "Thanh", "action_flag": 2, "change_message": "[{\"changed\": {\"fields\": [\"Status\"]}}]"}}, {"model": "admin.logentry", "pk": 170, "fields": {"action_time": "2025-10-12T13:25:28.435Z", "user": 1, "content_type": 13, "object_id": "85", "object_repr": "Thanh", "action_flag": 2, "change_message": "[{\"changed\": {\"fields\": [\"Status\"]}}]"}}, {"model": "admin.logentry", "pk": 171, "fields": {"action_time": "2025-10-12T13:25:35.957Z", "user": 1, "content_type": 13, "object_id": "78", "object_repr": "Thanh", "action_flag": 2, "change_message": "[{\"changed\": {\"fields\": [\"Status\"]}}]"}}, {"model": "admin.logentry", "pk": 172, "fields": {"action_time": "2025-10-13T06:28:18.575Z", "user": 1, "content_type": 16, "object_id": "1", "object_repr": "Thanh", "action_flag": 1, "change_message": "[{\"added\": {}}]"}}, {"model": "admin.logentry", "pk": 173, "fields": {"action_time": "2025-10-16T05:17:10.055Z", "user": 1, "content_type": 8, "object_id": "4", "object_repr": "Card m├án h├¼nh GIGABYTE GeForce RTX 4060 Ti AERO OC 8G", "action_flag": 2, "change_message": "[{\"added\": {\"name\": \"productgallery\", \"object\": \"Card m\\u00e0n h\\u00ecnh GIGABYTE GeForce RTX 4060 Ti AERO OC 8G\"}}]"}}, {"model": "admin.logentry", "pk": 174, "fields": {"action_time": "2025-10-16T05:17:33.619Z", "user": 1, "content_type": 8, "object_id": "4", "object_repr": "Card m├án h├¼nh GIGABYTE GeForce RTX 4060 Ti AERO OC 8G", "action_flag": 2, "change_message": "[{\"changed\": {\"name\": \"productgallery\", \"object\": \"Card m\\u00e0n h\\u00ecnh GIGABYTE GeForce RTX 4060 Ti AERO OC 8G\", \"fields\": [\"Image\"]}}]"}}, {"model": "admin.logentry", "pk": 175, "fields": {"action_time": "2025-10-16T05:17:46.537Z", "user": 1, "content_type": 8, "object_id": "4", "object_repr": "Card m├án h├¼nh GIGABYTE GeForce RTX 4060 Ti AERO OC 8G", "action_flag": 2, "change_message": "[{\"added\": {\"name\": \"productgallery\", \"object\": \"Card m\\u00e0n h\\u00ecnh GIGABYTE GeForce RTX 4060 Ti AERO OC 8G\"}}]"}}, {"model": "auth.permission", "pk": 1, "fields": {"name": "Can add log entry", "content_type": 1, "codename": "add_logentry"}}, {"model": "auth.permission", "pk": 2, "fields": {"name": "Can change log entry", "content_type": 1, "codename": "change_logentry"}}, {"model": "auth.permission", "pk": 3, "fields": {"name": "Can delete log entry", "content_type": 1, "codename": "delete_logentry"}}, {"model": "auth.permission", "pk": 4, "fields": {"name": "Can view log entry", "content_type": 1, "codename": "view_logentry"}}, {"model": "auth.permission", "pk": 5, "fields": {"name": "Can add permission", "content_type": 2, "codename": "add_permission"}}, {"model": "auth.permission", "pk": 6, "fields": {"name": "Can change permission", "content_type": 2, "codename": "change_permission"}}, {"model": "auth.permission", "pk": 7, "fields": {"name": "Can delete permission", "content_type": 2, "codename": "delete_permission"}}, {"model": "auth.permission", "pk": 8, "fields": {"name": "Can view permission", "content_type": 2, "codename": "view_permission"}}, {"model": "auth.permission", "pk": 9, "fields": {"name": "Can add group", "content_type": 3, "codename": "add_group"}}, {"model": "auth.permission", "pk": 10, "fields": {"name": "Can change group", "content_type": 3, "codename": "change_group"}}, {"model": "auth.permission", "pk": 11, "fields": {"name": "Can delete group", "content_type": 3, "codename": "delete_group"}}, {"model": "auth.permission", "pk": 12, "fields": {"name": "Can view group", "content_type": 3, "codename": "view_group"}}, {"model": "auth.permission", "pk": 13, "fields": {"name": "Can add content type", "content_type": 4, "codename": "add_contenttype"}}, {"model": "auth.permission", "pk": 14, "fields": {"name": "Can change content type", "content_type": 4, "codename": "change_contenttype"}}, {"model": "auth.permission", "pk": 15, "fields": {"name": "Can delete content type", "content_type": 4, "codename": "delete_contenttype"}}, {"model": "auth.permission", "pk": 16, "fields": {"name": "Can view content type", "content_type": 4, "codename": "view_contenttype"}}, {"model": "auth.permission", "pk": 17, "fields": {"name": "Can add session", "content_type": 5, "codename": "add_session"}}, {"model": "auth.permission", "pk": 18, "fields": {"name": "Can change session", "content_type": 5, "codename": "change_session"}}, {"model": "auth.permission", "pk": 19, "fields": {"name": "Can delete session", "content_type": 5, "codename": "delete_session"}}, {"model": "auth.permission", "pk": 20, "fields": {"name": "Can view session", "content_type": 5, "codename": "view_session"}}, {"model": "auth.permission", "pk": 21, "fields": {"name": "Can add category", "content_type": 6, "codename": "add_category"}}, {"model": "auth.permission", "pk": 22, "fields": {"name": "Can change category", "content_type": 6, "codename": "change_category"}}, {"model": "auth.permission", "pk": 23, "fields": {"name": "Can delete category", "content_type": 6, "codename": "delete_category"}}, {"model": "auth.permission", "pk": 24, "fields": {"name": "Can view category", "content_type": 6, "codename": "view_category"}}, {"model": "auth.permission", "pk": 25, "fields": {"name": "Can add user", "content_type": 7, "codename": "add_account"}}, {"model": "auth.permission", "pk": 26, "fields": {"name": "Can change user", "content_type": 7, "codename": "change_account"}}, {"model": "auth.permission", "pk": 27, "fields": {"name": "Can delete user", "content_type": 7, "codename": "delete_account"}}, {"model": "auth.permission", "pk": 28, "fields": {"name": "Can view user", "content_type": 7, "codename": "view_account"}}, {"model": "auth.permission", "pk": 29, "fields": {"name": "Can add product", "content_type": 8, "codename": "add_product"}}, {"model": "auth.permission", "pk": 30, "fields": {"name": "Can change product", "content_type": 8, "codename": "change_product"}}, {"model": "auth.permission", "pk": 31, "fields": {"name": "Can delete product", "content_type": 8, "codename": "delete_product"}}, {"model": "auth.permission", "pk": 32, "fields": {"name": "Can view product", "content_type": 8, "codename": "view_product"}}, {"model": "auth.permission", "pk": 33, "fields": {"name": "Can add cart item", "content_type": 9, "codename": "add_cartitem"}}, {"model": "auth.permission", "pk": 34, "fields": {"name": "Can change cart item", "content_type": 9, "codename": "change_cartitem"}}, {"model": "auth.permission", "pk": 35, "fields": {"name": "Can delete cart item", "content_type": 9, "codename": "delete_cartitem"}}, {"model": "auth.permission", "pk": 36, "fields": {"name": "Can view cart item", "content_type": 9, "codename": "view_cartitem"}}, {"model": "auth.permission", "pk": 37, "fields": {"name": "Can add cart", "content_type": 10, "codename": "add_cart"}}, {"model": "auth.permission", "pk": 38, "fields": {"name": "Can change cart", "content_type": 10, "codename": "change_cart"}}, {"model": "auth.permission", "pk": 39, "fields": {"name": "Can delete cart", "content_type": 10, "codename": "delete_cart"}}, {"model": "auth.permission", "pk": 40, "fields": {"name": "Can view cart", "content_type": 10, "codename": "view_cart"}}, {"model": "auth.permission", "pk": 41, "fields": {"name": "Can add variation", "content_type": 11, "codename": "add_variation"}}, {"model": "auth.permission", "pk": 42, "fields": {"name": "Can change variation", "content_type": 11, "codename": "change_variation"}}, {"model": "auth.permission", "pk": 43, "fields": {"name": "Can delete variation", "content_type": 11, "codename": "delete_variation"}}, {"model": "auth.permission", "pk": 44, "fields": {"name": "Can view variation", "content_type": 11, "codename": "view_variation"}}, {"model": "auth.permission", "pk": 45, "fields": {"name": "Can add order product", "content_type": 12, "codename": "add_orderproduct"}}, {"model": "auth.permission", "pk": 46, "fields": {"name": "Can change order product", "content_type": 12, "codename": "change_orderproduct"}}, {"model": "auth.permission", "pk": 47, "fields": {"name": "Can delete order product", "content_type": 12, "codename": "delete_orderproduct"}}, {"model": "auth.permission", "pk": 48, "fields": {"name": "Can view order product", "content_type": 12, "codename": "view_orderproduct"}}, {"model": "auth.permission", "pk": 49, "fields": {"name": "Can add order", "content_type": 13, "codename": "add_order"}}, {"model": "auth.permission", "pk": 50, "fields": {"name": "Can change order", "content_type": 13, "codename": "change_order"}}, {"model": "auth.permission", "pk": 51, "fields": {"name": "Can delete order", "content_type": 13, "codename": "delete_order"}}, {"model": "auth.permission", "pk": 52, "fields": {"name": "Can view order", "content_type": 13, "codename": "view_order"}}, {"model": "auth.permission", "pk": 53, "fields": {"name": "Can add payment", "content_type": 14, "codename": "add_payment"}}, {"model": "auth.permission", "pk": 54, "fields": {"name": "Can change payment", "content_type": 14, "codename": "change_payment"}}, {"model": "auth.permission", "pk": 55, "fields": {"name": "Can delete payment", "content_type": 14, "codename": "delete_payment"}}, {"model": "auth.permission", "pk": 56, "fields": {"name": "Can view payment", "content_type": 14, "codename": "view_payment"}}, {"model": "auth.permission", "pk": 57, "fields": {"name": "Can add review rating", "content_type": 15, "codename": "add_reviewrating"}}, {"model": "auth.permission", "pk": 58, "fields": {"name": "Can change review rating", "content_type": 15, "codename": "change_reviewrating"}}, {"model": "auth.permission", "pk": 59, "fields": {"name": "Can delete review rating", "content_type": 15, "codename": "delete_reviewrating"}}, {"model": "auth.permission", "pk": 60, "fields": {"name": "Can view review rating", "content_type": 15, "codename": "view_reviewrating"}}, {"model": "auth.permission", "pk": 61, "fields": {"name": "Can add user profile", "content_type": 16, "codename": "add_userprofile"}}, {"model": "auth.permission", "pk": 62, "fields": {"name": "Can change user profile", "content_type": 16, "codename": "change_userprofile"}}, {"model": "auth.permission", "pk": 63, "fields": {"name": "Can delete user profile", "content_type": 16, "codename": "delete_userprofile"}}, {"model": "auth.permission", "pk": 64, "fields": {"name": "Can view user profile", "content_type": 16, "codename": "view_userprofile"}}, {"model": "auth.permission", "pk": 65, "fields": {"name": "Can add productgallery", "content_type": 17, "codename": "add_productgallery"}}, {"model": "auth.permission", "pk": 66, "fields": {"name": "Can change productgallery", "content_type": 17, "codename": "change_productgallery"}}, {"model": "auth.permission", "pk": 67, "fields": {"name": "Can delete productgallery", "content_type": 17, "codename": "delete_productgallery"}}, {"model": "auth.permission", "pk": 68, "fields": {"name": "Can view productgallery", "content_type": 17, "codename": "view_productgallery"}}, {"model": "contenttypes.contenttype", "pk": 1, "fields": {"app_label": "admin", "model": "logentry"}}, {"model": "contenttypes.contenttype", "pk": 2, "fields": {"app_label": "auth", "model": "permission"}}, {"model": "contenttypes.contenttype", "pk": 3, "fields": {"app_label": "auth", "model": "group"}}, {"model": "contenttypes.contenttype", "pk": 4, "fields": {"app_label": "contenttypes", "model": "contenttype"}}, {"model": "contenttypes.contenttype", "pk": 5, "fields": {"app_label": "sessions", "model": "session"}}, {"model": "contenttypes.contenttype", "pk": 6, "fields": {"app_label": "category", "model": "category"}}, {"model": "contenttypes.contenttype", "pk": 7, "fields": {"app_label": "accounts", "model": "account"}}, {"model": "contenttypes.contenttype", "pk": 8, "fields": {"app_label": "store", "model": "product"}}, {"model": "contenttypes.contenttype", "pk": 9, "fields": {"app_label": "carts", "model": "cartitem"}}, {"model": "contenttypes.contenttype", "pk": 10, "fields": {"app_label": "carts", "model": "cart"}}, {"model": "contenttypes.contenttype", "pk": 11, "fields": {"app_label": "store", "model": "variation"}}, {"model": "contenttypes.contenttype", "pk": 12, "fields": {"app_label": "orders", "model": "orderproduct"}}, {"model": "contenttypes.contenttype", "pk": 13, "fields": {"app_label": "orders", "model": "order"}}, {"model": "contenttypes.contenttype", "pk": 14, "fields": {"app_label": "orders", "model": "payment"}}, {"model": "contenttypes.contenttype", "pk": 15, "fields": {"app_label": "store", "model": "reviewrating"}}, {"model": "contenttypes.contenttype", "pk": 16, "fields": {"app_label": "accounts", "model": "userprofile"}}, {"model": "contenttypes.contenttype", "pk": 17, "fields": {"app_label": "store", "model": "productgallery"}}, {"model": "sessions.session", "pk": "09to28lht3ugf25uapo2wysmt3kmlovx", "fields": {"session_data": ".eJxVjLsOAiEURP-F2hAuKA9L-_0GwuWCrBpIlt3K-O-yyRbaTHHmzLyZD9ta_NbT4mdiVwbs9MswxGeqe0GPUO-Nx1bXZUa-K_xoO58apdftcP8OSuhlrFFII5QFQqshUBKkjNagcrSQ3SBZJqSReMkkrHBgIJuzzMJpxBjY5wvlijhS:1v7w3t:pjN8hr3GSK_Tp6_JsO56N2D0kOXuw1MPNUVH6vVb2Ag", "expire_date": "2025-10-26T13:24:33.904Z"}}, {"model": "sessions.session", "pk": "2kk21sho0b2mauovxm0e7llva15s7jl6", "fields": {"session_data": ".eJxVjLsOAiEURP-F2hAuKA9L-_0GwuWCrBpIlt3K-O-yyRbaTHHmzLyZD9ta_NbT4mdiVwbs9MswxGeqe0GPUO-Nx1bXZUa-K_xoO58apdftcP8OSuhlrFFII5QFQqshUBKkjNagcrSQ3SBZJqSReMkkrHBgIJuzzMJpxBjY5wvlijhS:1v6VFr:BPWcRYIdn_Q9tzbggmyM56osS9SXOVaFvnDvdpIFpz0", "expire_date": "2025-10-22T14:34:59.270Z"}}, {"model": "sessions.session", "pk": "4ymtljucpy6ijs922gnr0jjinfcxbbog", "fields": {"session_data": "e30:1v2rlA:4a0TXnbsMoJgJwOUJUVdXL_trEURL8RIvIdi9uT6roE", "expire_date": "2025-10-12T13:48:16.886Z"}}, {"model": "sessions.session", "pk": "5yimjozauc00uetlcbkjbdk5vz83lsoz", "fields": {"session_data": "e30:1v2rkU:Kcjb-kIanrrBZ8Mwy2NiHlpWh46ZcX-s3bjnBnlWjuw", "expire_date": "2025-10-12T13:47:34.145Z"}}, {"model": "sessions.session", "pk": "683chi5eq8l0tqosr6oasqpnsuwbmu17", "fields": {"session_data": ".eJxVjLsOAiEURP-F2hAuKA9L-_0GwuWCrBpIlt3K-O-yyRbaTHHmzLyZD9ta_NbT4mdiVwbs9MswxGeqe0GPUO-Nx1bXZUa-K_xoO58apdftcP8OSuhlrFFII5QFQqshUBKkjNagcrSQ3SBZJqSReMkkrHBgIJuzzMJpxBjY5wvlijhS:1v6pTa:8jsfKr_Q6gD3fUfw1dBITYQE4gK8YANxDRyXshU5aXs", "expire_date": "2025-10-23T12:10:30.142Z"}}, {"model": "sessions.session", "pk": "8lnyn0nzw0wftxky0k4iugvnan7khx63", "fields": {"session_data": ".eJxVjLsOAiEURP-F2hAuKA9L-_0GwuWCrBpIlt3K-O-yyRbaTHHmzLyZD9ta_NbT4mdiVwbs9MswxGeqe0GPUO-Nx1bXZUa-K_xoO58apdftcP8OSuhlrFFII5QFQqshUBKkjNagcrSQ3SBZJqSReMkkrHBgIJuzzMJpxBjY5wvlijhS:1v25Qa:MU6KQuxAe0fL2ZARPZ3IogvN9Vm1cibvROByYxBgLbY", "expire_date": "2025-10-10T10:11:48.595Z"}}, {"model": "sessions.session", "pk": "akfaf55bxebs53gxquwu77wyd5h9xj7n", "fields": {"session_data": ".eJxVjLsOAiEURP-F2hAuKA9L-_0GwuWCrBpIlt3K-O-yyRbaTHHmzLyZD9ta_NbT4mdiVwbs9MswxGeqe0GPUO-Nx1bXZUa-K_xoO58apdftcP8OSuhlrFFII5QFQqshUBKkjNagcrSQ3SBZJqSReMkkrHBgIJuzzMJpxBjY5wvlijhS:1v2qiV:C_L-ztKgox_3sRl66np_Z73Pri9mtQWLO74ymsU5RFA", "expire_date": "2025-10-12T12:41:27.407Z"}}, {"model": "sessions.session", "pk": "bb2gmebkodmvdsle6gy6fm8bg6qlbf4j", "fields": {"session_data": ".eJxVjLsOAiEURP-F2hAuKA9L-_0GwuWCrBpIlt3K-O-yyRbaTHHmzLyZD9ta_NbT4mdiVwbs9MswxGeqe0GPUO-Nx1bXZUa-K_xoO58apdftcP8OSuhlrFFII5QFQqshUBKkjNagcrSQ3SBZJqSReMkkrHBgIJuzzMJpxBjY5wvlijhS:1v4Ykj:0optBpjWQXiDGboV7-7girkdxESy1Jtq59NWXuDfEXA", "expire_date": "2025-10-17T05:54:49.686Z"}}, {"model": "sessions.session", "pk": "cttyhlqkqsxhjvoa3m2iwdclwftn55kc", "fields": {"session_data": ".eJxVjLsOAiEURP-F2hAuKA9L-_0GwuWCrBpIlt3K-O-yyRbaTHHmzLyZD9ta_NbT4mdiVwbs9MswxGeqe0GPUO-Nx1bXZUa-K_xoO58apdftcP8OSuhlrFFII5QFQqshUBKkjNagcrSQ3SBZJqSReMkkrHBgIJuzzMJpxBjY5wvlijhS:1v60eN:EFbxLyDgBA3NSW9Uz1TQrRwJ7mGRd9EgZrlYNnC0INQ", "expire_date": "2025-10-21T05:54:15.892Z"}}, {"model": "sessions.session", "pk": "dzmkzb8meuwqzonup7xk6cus46srf0s8", "fields": {"session_data": ".eJxVjLsOAiEURP-F2hAuKA9L-_0GwuWCrBpIlt3K-O-yyRbaTHHmzLyZD9ta_NbT4mdiVwbs9MswxGeqe0GPUO-Nx1bXZUa-K_xoO58apdftcP8OSuhlrFFII5QFQqshUBKkjNagcrSQ3SBZJqSReMkkrHBgIJuzzMJpxBjY5wvlijhS:1v4Ikh:c31N3fV7rLFfUyzs8XYbiH_TLiofAvcSQFXtLG53t3s", "expire_date": "2025-10-16T12:49:43.947Z"}}, {"model": "sessions.session", "pk": "eiklt2i2ly94bdvryux3zsakjrx2pmoo", "fields": {"session_data": ".eJxVjLsOAiEURP-F2hAuKA9L-_0GwuWCrBpIlt3K-O-yyRbaTHHmzLyZD9ta_NbT4mdiVwbs9MswxGeqe0GPUO-Nx1bXZUa-K_xoO58apdftcP8OSuhlrFFII5QFQqshUBKkjNagcrSQ3SBZJqSReMkkrHBgIJuzzMJpxBjY5wvlijhS:1v8I60:fJJR-82hfWlo4GZZSQHhU4IWt-iRdbKxAQMmQZUbvcM", "expire_date": "2025-10-27T12:56:12.238Z"}}, {"model": "sessions.session", "pk": "gjv9ez6hhz44hxa5baeccgnkxmr1paa1", "fields": {"session_data": ".eJxVjLsOAiEURP-F2hAuKA9L-_0GwuWCrBpIlt3K-O-yyRbaTHHmzLyZD9ta_NbT4mdiVwbs9MswxGeqe0GPUO-Nx1bXZUa-K_xoO58apdftcP8OSuhlrFFII5QFQqshUBKkjNagcrSQ3SBZJqSReMkkrHBgIJuzzMJpxBjY5wvlijhS:1v92aS:2oLr-jCjGtXVHgLyMLFNHpDn-cmElcCtsypLEyRpXLs", "expire_date": "2025-10-29T14:34:44.547Z"}}, {"model": "sessions.session", "pk": "goabxz1a05u05v05jxdszmd3ou5eawp1", "fields": {"session_data": ".eJxVjLsOAiEURP-F2hAuKA9L-_0GwuWCrBpIlt3K-O-yyRbaTHHmzLyZD9ta_NbT4mdiVwbs9MswxGeqe0GPUO-Nx1bXZUa-K_xoO58apdftcP8OSuhlrFFII5QFQqshUBKkjNagcrSQ3SBZJqSReMkkrHBgIJuzzMJpxBjY5wvlijhS:1v1mxn:Mk9zaOr55iiSDqyty-gPF55MeNpP0wLJJDofob7bkzc", "expire_date": "2025-10-09T14:28:51.940Z"}}, {"model": "sessions.session", "pk": "hjegfnk9vqmaj5dmoyn85kblu11mqa4f", "fields": {"session_data": ".eJxVjLsOAiEURP-F2hAuKA9L-_0GwuWCrBpIlt3K-O-yyRbaTHHmzLyZD9ta_NbT4mdiVwbs9MswxGeqe0GPUO-Nx1bXZUa-K_xoO58apdftcP8OSuhlrFFII5QFQqshUBKkjNagcrSQ3SBZJqSReMkkrHBgIJuzzMJpxBjY5wvlijhS:1v8C0g:tyiL_pChnWsu6mbXAlwKtSUt71zH22aCkx1fND78Ugg", "expire_date": "2025-10-27T06:26:18.879Z"}}, {"model": "sessions.session", "pk": "jgtwdux6lfx6ja95cr0jmmlecwvascn3", "fields": {"session_data": ".eJxVjLsOAiEURP-F2hAuKA9L-_0GwuWCrBpIlt3K-O-yyRbaTHHmzLyZD9ta_NbT4mdiVwbs9MswxGeqe0GPUO-Nx1bXZUa-K_xoO58apdftcP8OSuhlrFFII5QFQqshUBKkjNagcrSQ3SBZJqSReMkkrHBgIJuzzMJpxBjY5wvlijhS:1v7YfO:McH7IFjbSsL-y9jPxgt3g_NcgZKwyWL8Ong-Bq5GU0M", "expire_date": "2025-10-25T12:25:42.984Z"}}, {"model": "sessions.session", "pk": "jusuowfb43aj76icxc4nsscyi7kk1v38", "fields": {"session_data": "e30:1v2rkl:dbK34BqKm457Pg6v1yKl9COfZrpylhYJGhbnZ4OiXZs", "expire_date": "2025-10-12T13:47:51.442Z"}}, {"model": "sessions.session", "pk": "jv39x680v1ts7au6mmbbndhzi4ekm4hk", "fields": {"session_data": ".eJxVjLsOAiEURP-F2hAuKA9L-_0GwuWCrBpIlt3K-O-yyRbaTHHmzLyZD9ta_NbT4mdiVwbs9MswxGeqe0GPUO-Nx1bXZUa-K_xoO58apdftcP8OSuhlrFFII5QFQqshUBKkjNagcrSQ3SBZJqSReMkkrHBgIJuzzMJpxBjY5wvlijhS:1v1zzx:DtNF4nqz5Jf065B1i9seVfR1og9pX4kcuS0nnaknNTc", "expire_date": "2025-10-10T04:23:57.252Z"}}, {"model": "sessions.session", "pk": "k1wjhowx606h7onesx3u8ee7hrwxyvhg", "fields": {"session_data": ".eJxVjLsOAiEURP-F2hAuKA9L-_0GwuWCrBpIlt3K-O-yyRbaTHHmzLyZD9ta_NbT4mdiVwbs9MswxGeqe0GPUO-Nx1bXZUa-K_xoO58apdftcP8OSuhlrFFII5QFQqshUBKkjNagcrSQ3SBZJqSReMkkrHBgIJuzzMJpxBjY5wvlijhS:1v3EKT:fqu_QCPH92ueNfAz2OT7mQuqYvzvkew4XilkcpPWgls", "expire_date": "2025-10-13T13:54:13.997Z"}}, {"model": "sessions.session", "pk": "l8v8hlio13ql57yhn3jjembqqs8t0a6m", "fields": {"session_data": "e30:1v38Kf:viPhY8NuKCfkzEvk5ZGpPO-D_WmWIxTstqPaG7GT9Dw", "expire_date": "2025-10-13T07:30:01.455Z"}}, {"model": "sessions.session", "pk": "nq6ds6t6fpwkev6n6n5mw4kr3vt8jp2b", "fields": {"session_data": ".eJxVjLsOAiEURP-F2hAuKA9L-_0GwuWCrBpIlt3K-O-yyRbaTHHmzLyZD9ta_NbT4mdiVwbs9MswxGeqe0GPUO-Nx1bXZUa-K_xoO58apdftcP8OSuhlrFFII5QFQqshUBKkjNagcrSQ3SBZJqSReMkkrHBgIJuzzMJpxBjY5wvlijhS:1v4fDN:1QkQBWSHsvTp5jIfvMjkHV9S2aS67WWpHtfWGPYA4z8", "expire_date": "2025-10-17T12:48:49.965Z"}}, {"model": "sessions.session", "pk": "u2ppipqqgkbm7m48q80iggih5y9ebjpi", "fields": {"session_data": ".eJxVjLsOAiEURP-F2hAuKA9L-_0GwuWCrBpIlt3K-O-yyRbaTHHmzLyZD9ta_NbT4mdiVwbs9MswxGeqe0GPUO-Nx1bXZUa-K_xoO58apdftcP8OSuhlrFFII5QFQqshUBKkjNagcrSQ3SBZJqSReMkkrHBgIJuzzMJpxBjY5wvlijhS:1vBlP1:b1dCkFbbJ0fsX8F2sttynlwziXDSxEoz50MmFvG85LA", "expire_date": "2025-11-06T02:50:11.902Z"}}, {"model": "sessions.session", "pk": "utngn2ugps6zu6wnmmhhxyxo1rtoboim", "fields": {"session_data": ".eJxVjMsOwiAQRf-FtSE8BkpduvcbyMAMUjU0Ke3K-O_apAvd3nPOfYmI21rj1nmJE4mz0FacfseE-cFtJ3THdptlntu6TEnuijxol9eZ-Hk53L-Dir1-60JeBWBtrAMuI2pQgw_ak0EOIRivkEagghmGBAzaBWYsbMFZUsmI9wf6YTgH:1v38Lh:Od_a_GjZdPHXTYXXaNi2M3F3WZ4qjtfVqG74WDGd-Go", "expire_date": "2025-10-13T07:31:05.239Z"}}, {"model": "sessions.session", "pk": "xlstpdipr12msttqrkyktu7p38e4sarp", "fields": {"session_data": ".eJxVjLsOAiEURP-F2hAuKA9L-_0GwuWCrBpIlt3K-O-yyRbaTHHmzLyZD9ta_NbT4mdiVwbs9MswxGeqe0GPUO-Nx1bXZUa-K_xoO58apdftcP8OSuhlrFFII5QFQqshUBKkjNagcrSQ3SBZJqSReMkkrHBgIJuzzMJpxBjY5wvlijhS:1v9GHf:WMYw9hyvk_-IL5xCTWfwoY2kwvJf-FGtzvbIKMD8gjU", "expire_date": "2025-10-30T05:12:15.615Z"}}, {"model": "sessions.session", "pk": "ypgzhx0alqcqjrrnb7isssnbs10a4cuh", "fields": {"session_data": ".eJxVjLsOAiEURP-F2hAuKA9L-_0GwuWCrBpIlt3K-O-yyRbaTHHmzLyZD9ta_NbT4mdiVwbs9MswxGeqe0GPUO-Nx1bXZUa-K_xoO58apdftcP8OSuhlrFFII5QFQqshUBKkjNagcrSQ3SBZJqSReMkkrHBgIJuzzMJpxBjY5wvlijhS:1v3Vm6:VevH4JmMkD0yWnnPFA3rhC0SudExYyfCyzhV0wnNbzA", "expire_date": "2025-10-14T08:31:54.743Z"}}, {"model": "sessions.session", "pk": "ztu0n6hwu3z3i0sgzr7m3sxnzerhv7lo", "fields": {"session_data": ".eJxVjLsOAiEURP-F2hAuKA9L-_0GwuWCrBpIlt3K-O-yyRbaTHHmzLyZD9ta_NbT4mdiVwbs9MswxGeqe0GPUO-Nx1bXZUa-K_xoO58apdftcP8OSuhlrFFII5QFQqshUBKkjNagcrSQ3SBZJqSReMkkrHBgIJuzzMJpxBjY5wvlijhS:1v37bE:jAcbUdyOFLUcTNt-9CTIEL9yPEQvYVVnvj_ZrPTPNJg", "expire_date": "2025-10-13T06:43:04.521Z"}}, {"model": "category.category", "pk": 1, "fields": {"category_name": "CPU", "slug": "cpu", "description": "The central processing unit", "category_image": "photos/categories/cpu.png"}}, {"model": "category.category", "pk": 2, "fields": {"category_name": "RAM", "slug": "ram", "description": "", "category_image": "photos/categories/ram.jpg"}}, {"model": "category.category", "pk": 3, "fields": {"category_name": "PSU", "slug": "psu", "description": "", "category_image": "photos/categories/psu.jpg"}}, {"model": "category.category", "pk": 4, "fields": {"category_name": "VGA", "slug": "vga", "description": "", "category_image": "photos/categories/vga.jpg"}}, {"model": "category.category", "pk": 5, "fields": {"category_name": "SSD", "slug": "ssd", "description": "", "category_image": "photos/categories/ssd.jpg"}}, {"model": "accounts.account", "pk": 1, "fields": {"password": "pbkdf2_sha256$1000000$YJIaSO14otnxqMAolW9GQq$Z/4QpPYryg/H+5UY10GNoaIiaGjW9+DJ4jWQAZWVBtU=", "is_superuser": true, "date_joined": "2025-09-13T14:24:22.883Z", "first_name": "Duong", "last_name": "Nguyen", "username": "admin", "email": "thaiduongbt123@gmail.com", "phone_number": "", "day_joined": "2025-09-13T14:24:24.227Z", "last_login": "2025-10-23T02:50:11.895Z", "is_admin": false, "is_staff": true, "is_active": true, "is_superadmin": false, "groups": [], "user_permissions": []}}, {"model": "accounts.account", "pk": 2, "fields": {"password": "pbkdf2_sha256$1000000$lCJF8TnvGa2eQjiVpvJ2AU$rC6d6ttdNxBKwGEkGqer7xyrl8wbtfoAPHbY/933pH8=", "is_superuser": false, "date_joined": "2025-09-22T13:56:56.221Z", "first_name": "Duong", "last_name": "Nguyen", "username": "thaiduong234", "email": "thaiduong234@gmail.com", "phone_number": "0393453424", "day_joined": "2025-09-22T13:56:57.490Z", "last_login": "2025-09-22T13:56:57.549Z", "is_admin": false, "is_staff": false, "is_active": true, "is_superadmin": false, "groups": [], "user_permissions": []}}, {"model": "accounts.account", "pk": 13, "fields": {"password": "pbkdf2_sha256$1000000$yk7rXOSOuZrKIIaUJwdQfD$FSj/ZRv3AAooLx39R7wMBp8s0mVCBlq4IsEG8cqTWtc=", "is_superuser": false, "date_joined": "2025-09-24T04:55:51.924Z", "first_name": "Thanh", "last_name": "Le", "username": "lehoangthanh88888", "email": "lehoangthanh88888@gmail.com", "phone_number": "", "day_joined": "2025-09-24T04:55:52.826Z", "last_login": "2025-10-14T05:41:14.294Z", "is_admin": false, "is_staff": false, "is_active": true, "is_superadmin": false, "groups": [], "user_permissions": []}}, {"model": "accounts.account", "pk": 14, "fields": {"password": "pbkdf2_sha256$1000000$sy9NhD0xfvJwWAGI5SfJfw$9i1NG8rU8IuLrC2VS/9rF5f1FOZKVV4jQns/IU8xPo0=", "is_superuser": false, "date_joined": "2025-10-13T07:18:21.851Z", "first_name": "Duong", "last_name": "Nguyen", "username": "thaiduongbt456", "email": "thaiduongbt456@gmail.com", "phone_number": "0495637876", "day_joined": "2025-10-13T07:18:22.684Z", "last_login": "2025-10-13T07:19:12.885Z", "is_admin": false, "is_staff": false, "is_active": true, "is_superadmin": false, "groups": [], "user_permissions": []}}, {"model": "accounts.userprofile", "pk": 1, "fields": {"user": 13, "address_line": "Giong Luc", "profile_picture": "userprofile/wallpaperflare.com_wallpaper.jpg", "province": "Vinh Long", "village": "Tan Hao"}}, {"model": "accounts.userprofile", "pk": 2, "fields": {"user": 14, "address_line": "", "profile_picture": "default/default-avatar.png", "province": "", "village": ""}}, {"model": "store.product", "pk": 1, "fields": {"product_name": "CPU Intel Core i5-14400F", "slug": "cpu-intel-core-i5-14400f", "description": "Bß╗Ö xß╗¡ l├╜ Intel┬« CoreΓäó i5 14400F (20M bß╗Ö nhß╗¢ ─æß╗çm, l├¬n ─æß║┐n 4,70 GHz) tham khß║úo nhanh c├íc th├┤ng sß╗æ kß╗╣ thuß║¡t, t├¡nh n─âng v├á c├┤ng nghß╗ç. Vß╗¢i i5-14400F sß║╜ mang tß╗¢i khß║ú n─âng xß╗¡ l├╜ ─æa nhiß╗çm tß╗æt h╞ín nhß╗¥ c├íc c├┤ng nghß╗ç mß╗¢i v├á c├╣ng vß╗¢i ─æ├│ l├á 10 nh├ón 20 luß╗ông ─æ╞░ß╗úc trang bß╗ï.", "price": "3450000.00", "stock": 21, "image": "photos/products/i5-14400f.png", "is_available": true, "category": 1, "created_at": "2025-09-14T06:46:55.663Z", "modified_at": "2025-09-14T06:47:22.441Z"}}, {"model": "store.product", "pk": 2, "fields": {"product_name": "CPU Intel Core i5-13400F", "slug": "cpu-intel-core-i5-13400f", "description": "CPU Intel Core i5-13400F l├á mß╗Öt CPU mß║ính mß║╜, ─æa n─âng v├á ─æ├íng gi├í, ph├╣ hß╗úp cho cß║ú nhu cß║ºu ch╞íi game ß╗ƒ mß╗⌐c thiß║┐t lß║¡p cao, c├íc t├íc vß╗Ñ ─æa nhiß╗çm phß╗⌐c tß║íp v├á c├íc ß╗⌐ng dß╗Ñng s├íng tß║ío ─æ├▓i hß╗Åi hiß╗çu n─âng cao. Vß╗¢i 10 nh├ón, 16 luß╗ông, tß╗æc ─æß╗Ö xung nhß╗ïp tß╗æi ─æa 4.60 GHz v├á nhiß╗üu c├┤ng nghß╗ç ti├¬n tiß║┐n, CPU Intel n├áy mang ─æß║┐n hiß╗çu suß║Ñt ß║Ñn t╞░ß╗úng, trß║úi nghiß╗çm m╞░ß╗út m├á v├á linh hoß║ít.", "price": "3050000.00", "stock": 32, "image": "photos/products/i5-13400f.webp", "is_available": true, "category": 1, "created_at": "2025-09-14T06:49:24.677Z", "modified_at": "2025-09-14T06:49:24.677Z"}}, {"model": "store.product", "pk": 3, "fields": {"product_name": "CPU Intel Core i7-14700F", "slug": "cpu-intel-core-i7-14700f", "description": "CPU INTEL Core i7 14700K Up 5.6GHz 33MB, 20 Nh├ón 28 Luß╗ông (Socket 1700). Th╞░╞íng hiß╗çu: Socket 1700", "price": "9890000.00", "stock": 12, "image": "photos/products/i7-14700k.jpg", "is_available": true, "category": 1, "created_at": "2025-09-14T06:51:23.683Z", "modified_at": "2025-09-14T06:51:23.683Z"}}, {"model": "store.product", "pk": 4, "fields": {"product_name": "Card m├án h├¼nh GIGABYTE GeForce RTX 4060 Ti AERO OC 8G", "slug": "card-man-hinh-gigabyte-geforce-rtx-4060-ti-aero-oc", "description": "Nh├ón ─æß╗ô hß╗ìa: NVIDIA┬« GeForce RTXΓäó 4060 Ti, Nh├ón CUDA: 4352, Bß╗Ö nhß╗¢: 8GB GDDR6, Giao thß╗⌐c bß╗Ö nhß╗¢: 128-bit, Nguß╗ôn khuyß║┐n nghß╗ï: 650W, Bß║úo h├ánh 3 n─âm", "price": "12990000.00", "stock": 123, "image": "photos/products/gigabyte-rtx-4060ti-white.webp", "is_available": true, "category": 4, "created_at": "2025-09-14T06:53:41.680Z", "modified_at": "2025-10-16T05:17:46.524Z"}}, {"model": "store.product", "pk": 5, "fields": {"product_name": "Card M├án H├¼nh ASUS Dual GeForce RTX 5060 8GB GDDR7 OC Edition", "slug": "card-man-hinh-asus-dual-geforce-rtx-5060-8gb-gddr7", "description": "Loß║íi RAM : GDDR7, Dung l╞░ß╗úng RAM : 8GB, Giao tiß║┐p : PCI Express Gen 5 x16 (uses x8), Bus : 128-bit, Xung nhß╗ïp c╞í bß║ún : 2535 MHz", "price": "9490000.00", "stock": 22, "image": "photos/products/card_man_hinh_asus_dual_geforce_rtx_5060_8gb_gddr7_oc.jpeg", "is_available": true, "category": 4, "created_at": "2025-09-14T06:55:56.686Z", "modified_at": "2025-09-14T06:55:56.686Z"}}, {"model": "store.product", "pk": 6, "fields": {"product_name": "Card m├án h├¼nh ASUS ROG Astral GeForce RTX 5080 16GB GDDR7 OC Edition", "slug": "card-man-hinh-asus-rog-astral-geforce-rtx-5080-16g", "description": "Card m├án h├¼nh ASUS ROG Astral GeForce RTX 5080 16GB GDDR7 OC Edition  l├á sß╗▒ lß╗▒a chß╗ìn h├áng ─æß║ºu cho game thß╗º v├á ng╞░ß╗¥i d├╣ng chuy├¬n nghiß╗çp thuß╗Öc d├▓ng VGA Nvidia RTX 5000 Series. Nß╗òi bß║¡t vß╗¢i c├íc c├┤ng nghß╗ç ti├¬n tiß║┐n v├á thiß║┐t kß║┐ ─æß╗Öt ph├í, sß║ún phß║⌐m n├áy ─æ├íp ß╗⌐ng mß╗ìi nhu cß║ºu tß╗½ ch╞íi game 4K ─æß║┐n xß╗¡ l├╜ ─æß╗ô hß╗ìa , AI chuy├¬n nghiß╗çp.", "price": "53990000.00", "stock": 5, "image": "photos/products/11903_vga_rog_astral_rtx5080_o16g_gaming_pcm_1.png", "is_available": true, "category": 4, "created_at": "2025-09-14T06:58:32.025Z", "modified_at": "2025-09-14T06:58:32.025Z"}}, {"model": "store.product", "pk": 7, "fields": {"product_name": "Ram Desktop Adata XPG Spectrix D50 RGB White 16GB (1x16GB) DDR4 3200Mhz", "slug": "ram-desktop-adata-xpg-spectrix-d50-rgb-white-16gb", "description": "Ram Desktop Adata XPG Spectrix D50 RGB White 16GB (1x16GB) Bus 3200Mhz DDR4 l├á d├▓ng ram DDR4 c├│ hiß╗çu suß║Ñt cß╗▒c cao , gi├í th├ánh hß╗úp l├╜ . ─É╞░ß╗úc sß║ún xuß║Ñt bß║▒ng chip v├á PCB chß║Ñt l╞░ß╗úng cao nhß║Ñt, Ram Adata XPG D50 cung cß║Ñp ─æß╗Ö ß╗òn ─æß╗ïnh, ─æß╗Ö tin cß║¡y cao nhß║Ñt v├á tß╗æc ─æß╗Ö l├¬n ─æß║┐n 3200MHz. H╞ín nß╗»a, n├│ hß╗ù trß╗ú c├íc nß╗ün tß║úng Intel v├á AMD mß╗¢i nhß║Ñt.", "price": "1290000.00", "stock": 43, "image": "photos/products/ram_desktop_adata_xpg_spectrix_d50_rgb_white_sw50_8gb_1x8gb_ddr4__.jpg", "is_available": true, "category": 2, "created_at": "2025-09-14T07:00:35.796Z", "modified_at": "2025-09-14T07:00:35.796Z"}}, {"model": "store.product", "pk": 8, "fields": {"product_name": "Ram G.Skill Ripjaws M5 RGB 64GB (2x32GB) 5200MHz DDR5 (F5-5200J4040A32GX2-RM5RK)", "slug": "ram-gskill-ripjaws-m5-rgb-64gb-2x32gb-5200mhz-ddr5", "description": "Th├┤ng sß╗æ Ram G.Skill Ripjaws M5 RGB 64GB (2x32GB) 5200MHz DDR5 (F5-5200J4040A32GX2-RM5RK)", "price": "5990000.00", "stock": 6, "image": "photos/products/12844_ram_g_skill_ripjaws_m5_rgb_32gb__2x16gb_3.png", "is_available": true, "category": 2, "created_at": "2025-09-14T07:01:40.495Z", "modified_at": "2025-09-14T07:01:40.495Z"}}, {"model": "store.variation", "pk": 1, "fields": {"product": 4, "variation_category": "Fan", "variation_value": "3", "is_active": true, "created_at": "2025-09-19T13:51:20.838Z"}}, {"model": "store.variation", "pk": 2, "fields": {"product": 4, "variation_category": "Fan", "variation_value": "2", "is_active": true, "created_at": "2025-09-19T13:51:41.746Z"}}, {"model": "store.variation", "pk": 3, "fields": {"product": 4, "variation_category": "VRAM", "variation_value": "8GB", "is_active": true, "created_at": "2025-09-19T14:00:52.901Z"}}, {"model": "store.variation", "pk": 4, "fields": {"product": 4, "variation_category": "VRAM", "variation_value": "16GB", "is_active": true, "created_at": "2025-09-19T14:01:00.558Z"}}, {"model": "store.reviewrating", "pk": 1, "fields": {"product": 4, "user": 13, "subject": "", "review": "dsadsadas", "rating": 4.5, "ip": "127.0.0.1", "status": true, "created_at": "2025-10-11T14:05:50.329Z", "modified_at": "2025-10-11T14:24:20.207Z"}}, {"model": "store.reviewrating", "pk": 2, "fields": {"product": 4, "user": 1, "subject": "resa", "review": "test admin", "rating": 5.0, "ip": "", "status": true, "created_at": "2025-10-11T14:24:36.024Z", "modified_at": "2025-10-11T14:24:36.024Z"}}, {"model": "store.productgallery", "pk": 1, "fields": {"product": 4, "image": "store/products/download.png"}}, {"model": "store.productgallery", "pk": 2, "fields": {"product": 4, "image": "store/products/S╞í_─æß╗ô_tham_quan.png"}}, {"model": "carts.cart", "pk": 32, "fields": {"cart_id": "ewr0snmkmsrnxt0c66d4hk67cxe4uvfe", "date_added": "2025-09-28"}}, {"model": "carts.cart", "pk": 33, "fields": {"cart_id": "q6x5rdiukdryzl9ttagddy4szq6qozov", "date_added": "2025-09-28"}}, {"model": "carts.cart", "pk": 34, "fields": {"cart_id": "csyf7j378tcldtt1hipsmcio2ipjqsyg", "date_added": "2025-09-28"}}, {"model": "carts.cart", "pk": 35, "fields": {"cart_id": "iwet55ypeuf9rgvm5yk29em3crx96mt6", "date_added": "2025-09-29"}}, {"model": "carts.cart", "pk": 36, "fields": {"cart_id": "4mcquovu46p8g6yg5amxjecol4fx5h7d", "date_added": "2025-09-29"}}, {"model": "carts.cart", "pk": 37, "fields": {"cart_id": "qifhb1y3xxcs50d4mlfi7gemqn0q8vja", "date_added": "2025-09-29"}}, {"model": "carts.cartitem", "pk": 65, "fields": {"user": null, "product": 4, "cart": 35, "quantity": 1, "is_active": true, "variation": [2, 3]}}, {"model": "carts.cartitem", "pk": 67, "fields": {"user": null, "product": 4, "cart": 37, "quantity": 1, "is_active": true, "variation": [1, 4]}}, {"model": "carts.cartitem", "pk": 77, "fields": {"user": 13, "product": 4, "cart": null, "quantity": 1, "is_active": true, "variation": [2, 3]}}, {"model": "orders.payment", "pk": 1, "fields": {"user": 13, "payment_id": "GENERIC_2025100775", "payment_method": "credit-card", "amount_paid": "37021500.0", "status": "Processing", "create_at": "2025-10-07T06:48:16.804Z"}}, {"model": "orders.payment", "pk": 2, "fields": {"user": 13, "payment_id": "GENERIC_2025100876", "payment_method": "cod", "amount_paid": "37021500.0", "status": "Processing", "create_at": "2025-10-08T14:10:31.839Z"}}, {"model": "orders.payment", "pk": 3, "fields": {"user": 13, "payment_id": "GENERIC_2025100877", "payment_method": "cod", "amount_paid": "37021500.0", "status": "Processing", "create_at": "2025-10-08T14:24:22.161Z"}}, {"model": "orders.payment", "pk": 4, "fields": {"user": 13, "payment_id": "GENERIC_2025100878", "payment_method": "cod", "amount_paid": "37021500.0", "status": "Processing", "create_at": "2025-10-08T14:24:59.896Z"}}, {"model": "orders.payment", "pk": 5, "fields": {"user": 13, "payment_id": "GENERIC_2025100879", "payment_method": "cod", "amount_paid": "37021500.0", "status": "Processing", "create_at": "2025-10-08T14:26:06.679Z"}}, {"model": "orders.payment", "pk": 6, "fields": {"user": 13, "payment_id": "GENERIC_2025100880", "payment_method": "credit-card", "amount_paid": "37021500.0", "status": "Processing", "create_at": "2025-10-08T14:28:56.124Z"}}, {"model": "orders.payment", "pk": 7, "fields": {"user": 13, "payment_id": "GENERIC_2025100981", "payment_method": "paypal", "amount_paid": "12340500.0", "status": "Processing", "create_at": "2025-10-09T13:19:55.164Z"}}, {"model": "orders.payment", "pk": 8, "fields": {"user": 13, "payment_id": "GENERIC_2025100983", "payment_method": "paypal", "amount_paid": "12340500.0", "status": "Processing", "create_at": "2025-10-09T13:26:25.611Z"}}, {"model": "orders.payment", "pk": 9, "fields": {"user": 13, "payment_id": "GENERIC_2025100984", "payment_method": "paypal", "amount_paid": "12340500.0", "status": "Processing", "create_at": "2025-10-09T13:27:04.343Z"}}, {"model": "orders.payment", "pk": 10, "fields": {"user": 13, "payment_id": "GENERIC_2025100985", "payment_method": "cod", "amount_paid": "12340500.0", "status": "Processing", "create_at": "2025-10-09T13:33:56.370Z"}}, {"model": "orders.payment", "pk": 11, "fields": {"user": 13, "payment_id": "GENERIC_2025100986", "payment_method": "paypal", "amount_paid": "12340500.0", "status": "Processing", "create_at": "2025-10-09T13:45:18.606Z"}}, {"model": "orders.payment", "pk": 12, "fields": {"user": 13, "payment_id": "GENERIC_2025100987", "payment_method": "cod", "amount_paid": "12340500.0", "status": "Processing", "create_at": "2025-10-09T13:49:00.477Z"}}, {"model": "orders.order", "pk": 61, "fields": {"user": 13, "payment": null, "first_name": "Thanh", "last_name": "Le", "email": "lehoangthanh88888@gmail.com", "phone_number": "0944354576", "order_number": "2025100761", "address_line1": "Giong Luc", "address_line2": "", "province": "Vinh Long", "village": "Tan Hao", "order_total": 37021500.0, "tax": 779400.0, "discount": 2727900.0000000005, "status": "New", "order_note": "test 7/10", "ip": "127.0.0.1", "is_ordered": false, "created_at": "2025-10-07T05:55:05.359Z", "modified_at": "2025-10-07T05:55:05.366Z"}}, {"model": "orders.order", "pk": 62, "fields": {"user": 13, "payment": null, "first_name": "Thanh", "last_name": "Le", "email": "lehoangthanh88888@gmail.com", "phone_number": "0944354576", "order_number": "2025100762", "address_line1": "Giong Luc", "address_line2": "", "province": "Vinh Long", "village": "Tan Hao", "order_total": 37021500.0, "tax": 779400.0, "discount": 2727900.0000000005, "status": "New", "order_note": "test 7/10", "ip": "127.0.0.1", "is_ordered": false, "created_at": "2025-10-07T05:56:18.120Z", "modified_at": "2025-10-07T05:56:18.120Z"}}, {"model": "orders.order", "pk": 63, "fields": {"user": 13, "payment": null, "first_name": "Thanh", "last_name": "Le", "email": "lehoangthanh88888@gmail.com", "phone_number": "0944354576", "order_number": "2025100763", "address_line1": "Giong Luc", "address_line2": "", "province": "Vinh Long", "village": "Tan Hao", "order_total": 37021500.0, "tax": 779400.0, "discount": 2727900.0000000005, "status": "New", "order_note": "test 7/10", "ip": "127.0.0.1", "is_ordered": false, "created_at": "2025-10-07T05:56:32.913Z", "modified_at": "2025-10-07T05:56:32.920Z"}}, {"model": "orders.order", "pk": 64, "fields": {"user": 13, "payment": null, "first_name": "Thanh", "last_name": "Le", "email": "lehoangthanh88888@gmail.com", "phone_number": "0944354576", "order_number": "2025100764", "address_line1": "Giong Luc", "address_line2": "", "province": "Vinh Long", "village": "Tan Hao", "order_total": 37021500.0, "tax": 779400.0, "discount": 2727900.0000000005, "status": "New", "order_note": "test 7/10", "ip": "127.0.0.1", "is_ordered": false, "created_at": "2025-10-07T05:58:24.796Z", "modified_at": "2025-10-07T05:58:24.810Z"}}, {"model": "orders.order", "pk": 65, "fields": {"user": 13, "payment": null, "first_name": "Thanh", "last_name": "Le", "email": "lehoangthanh88888@gmail.com", "phone_number": "0944354576", "order_number": "2025100765", "address_line1": "Giong Luc", "address_line2": "", "province": "Vinh Long", "village": "Tan Hao", "order_total": 37021500.0, "tax": 779400.0, "discount": 2727900.0000000005, "status": "New", "order_note": "test 7/10", "ip": "127.0.0.1", "is_ordered": false, "created_at": "2025-10-07T06:03:06.696Z", "modified_at": "2025-10-07T06:03:06.696Z"}}, {"model": "orders.order", "pk": 66, "fields": {"user": 13, "payment": null, "first_name": "Thanh", "last_name": "Le", "email": "lehoangthanh88888@gmail.com", "phone_number": "0944354576", "order_number": "2025100766", "address_line1": "Giong Luc", "address_line2": "", "province": "Vinh Long", "village": "Tan Hao", "order_total": 37021500.0, "tax": 779400.0, "discount": 2727900.0000000005, "status": "New", "order_note": "test 7/10", "ip": "127.0.0.1", "is_ordered": false, "created_at": "2025-10-07T06:03:13.280Z", "modified_at": "2025-10-07T06:03:13.280Z"}}, {"model": "orders.order", "pk": 67, "fields": {"user": 13, "payment": null, "first_name": "Thanh", "last_name": "Le", "email": "lehoangthanh88888@gmail.com", "phone_number": "0944354576", "order_number": "2025100767", "address_line1": "hf", "address_line2": "", "province": "sg", "village": "dsfg", "order_total": 37021500.0, "tax": 779400.0, "discount": 2727900.0000000005, "status": "New", "order_note": "sdg", "ip": "127.0.0.1", "is_ordered": false, "created_at": "2025-10-07T06:17:23.404Z", "modified_at": "2025-10-07T06:17:23.419Z"}}, {"model": "orders.order", "pk": 68, "fields": {"user": 13, "payment": null, "first_name": "Thanh", "last_name": "Le", "email": "lehoangthanh88888@gmail.com", "phone_number": "0944354576", "order_number": "2025100768", "address_line1": "hf", "address_line2": "", "province": "sg", "village": "dsfg", "order_total": 37021500.0, "tax": 779400.0, "discount": 2727900.0000000005, "status": "New", "order_note": "sdg", "ip": "127.0.0.1", "is_ordered": false, "created_at": "2025-10-07T06:18:19.419Z", "modified_at": "2025-10-07T06:18:19.426Z"}}, {"model": "orders.order", "pk": 69, "fields": {"user": 13, "payment": null, "first_name": "Thanh", "last_name": "Le", "email": "lehoangthanh88888@gmail.com", "phone_number": "0944354576", "order_number": "2025100769", "address_line1": "hf", "address_line2": "", "province": "sg", "village": "dsfg", "order_total": 37021500.0, "tax": 779400.0, "discount": 2727900.0000000005, "status": "New", "order_note": "sdg", "ip": "127.0.0.1", "is_ordered": false, "created_at": "2025-10-07T06:20:47.634Z", "modified_at": "2025-10-07T06:20:47.650Z"}}, {"model": "orders.order", "pk": 70, "fields": {"user": 13, "payment": null, "first_name": "Thanh", "last_name": "Le", "email": "lehoangthanh88888@gmail.com", "phone_number": "0944354576", "order_number": "2025100770", "address_line1": "hf", "address_line2": "", "province": "sg", "village": "dsfg", "order_total": 37021500.0, "tax": 779400.0, "discount": 2727900.0000000005, "status": "New", "order_note": "sdg", "ip": "127.0.0.1", "is_ordered": false, "created_at": "2025-10-07T06:21:22.939Z", "modified_at": "2025-10-07T06:21:23.000Z"}}, {"model": "orders.order", "pk": 71, "fields": {"user": 13, "payment": null, "first_name": "Thanh", "last_name": "Le", "email": "lehoangthanh88888@gmail.com", "phone_number": "0944354576", "order_number": "2025100771", "address_line1": "sdfg", "address_line2": "", "province": "dsfsfewr", "village": "dfsdf", "order_total": 37021500.0, "tax": 779400.0, "discount": 2727900.0000000005, "status": "New", "order_note": "dfg", "ip": "127.0.0.1", "is_ordered": false, "created_at": "2025-10-07T06:45:33.415Z", "modified_at": "2025-10-07T06:45:33.431Z"}}, {"model": "orders.order", "pk": 72, "fields": {"user": 13, "payment": null, "first_name": "Thanh", "last_name": "Le", "email": "lehoangthanh88888@gmail.com", "phone_number": "0944354576", "order_number": "2025100772", "address_line1": "sdfg", "address_line2": "", "province": "dsfsfewr", "village": "dfsdf", "order_total": 37021500.0, "tax": 779400.0, "discount": 2727900.0000000005, "status": "New", "order_note": "dfg", "ip": "127.0.0.1", "is_ordered": false, "created_at": "2025-10-07T06:46:03.776Z", "modified_at": "2025-10-07T06:46:03.782Z"}}, {"model": "orders.order", "pk": 73, "fields": {"user": 13, "payment": null, "first_name": "Thanh", "last_name": "Le", "email": "lehoangthanh88888@gmail.com", "phone_number": "0944354576", "order_number": "2025100773", "address_line1": "sdfg", "address_line2": "", "province": "dsfsfewr", "village": "dfsdf", "order_total": 37021500.0, "tax": 779400.0, "discount": 2727900.0000000005, "status": "New", "order_note": "dfg", "ip": "127.0.0.1", "is_ordered": false, "created_at": "2025-10-07T06:46:08.506Z", "modified_at": "2025-10-07T06:46:08.515Z"}}, {"model": "orders.order", "pk": 74, "fields": {"user": 13, "payment": null, "first_name": "Thanh", "last_name": "Le", "email": "lehoangthanh88888@gmail.com", "phone_number": "0944354576", "order_number": "2025100774", "address_line1": "sdfg", "address_line2": "", "province": "dsfsfewr", "village": "dfsdf", "order_total": 37021500.0, "tax": 779400.0, "discount": 2727900.0000000005, "status": "New", "order_note": "dfg", "ip": "127.0.0.1", "is_ordered": false, "created_at": "2025-10-07T06:46:12.495Z", "modified_at": "2025-10-07T06:46:12.505Z"}}, {"model": "orders.order", "pk": 75, "fields": {"user": 13, "payment": 1, "first_name": "Thanh", "last_name": "Le", "email": "lehoangthanh88888@gmail.com", "phone_number": "0944354576", "order_number": "2025100775", "address_line1": "afsd", "address_line2": "", "province": "asf3wq", "village": "asfdasf", "order_total": 37021500.0, "tax": 779400.0, "discount": 2727900.0000000005, "status": "New", "order_note": "", "ip": "127.0.0.1", "is_ordered": true, "created_at": "2025-10-07T06:46:20.932Z", "modified_at": "2025-10-07T06:48:16.812Z"}}, {"model": "orders.order", "pk": 76, "fields": {"user": 13, "payment": 2, "first_name": "Thanh", "last_name": "Le", "email": "lehoangthanh88888@gmail.com", "phone_number": "0944354576", "order_number": "2025100876", "address_line1": "Giong Luc", "address_line2": "", "province": "Vinh Long", "village": "Tan Hao", "order_total": 37021500.0, "tax": 779400.0, "discount": 2727900.0000000005, "status": "New", "order_note": "test 8/10", "ip": "127.0.0.1", "is_ordered": true, "created_at": "2025-10-08T14:10:12.003Z", "modified_at": "2025-10-08T14:10:31.847Z"}}, {"model": "orders.order", "pk": 77, "fields": {"user": 13, "payment": 3, "first_name": "Thanh", "last_name": "Le", "email": "lehoangthanh88888@gmail.com", "phone_number": "0944354576", "order_number": "2025100877", "address_line1": "Giong Luc", "address_line2": "", "province": "Vinh Long", "village": "Tan Hao", "order_total": 37021500.0, "tax": 779400.0, "discount": 2727900.0000000005, "status": "New", "order_note": "test 8/10", "ip": "127.0.0.1", "is_ordered": true, "created_at": "2025-10-08T14:24:20.541Z", "modified_at": "2025-10-08T14:24:22.174Z"}}, {"model": "orders.order", "pk": 78, "fields": {"user": 13, "payment": 4, "first_name": "Thanh", "last_name": "Le", "email": "lehoangthanh88888@gmail.com", "phone_number": "0944354576", "order_number": "2025100878", "address_line1": "Giong Luc", "address_line2": "", "province": "Vinh Long", "village": "Tan Hao", "order_total": 37021500.0, "tax": 779400.0, "discount": 2727900.0000000005, "status": "Completed", "order_note": "test 8/10", "ip": "127.0.0.1", "is_ordered": true, "created_at": "2025-10-08T14:24:58.327Z", "modified_at": "2025-10-12T13:25:35.948Z"}}, {"model": "orders.order", "pk": 79, "fields": {"user": 13, "payment": 5, "first_name": "Thanh", "last_name": "Le", "email": "lehoangthanh88888@gmail.com", "phone_number": "0944354576", "order_number": "2025100879", "address_line1": "Giong Luc", "address_line2": "", "province": "Vinh Long", "village": "Tan Hao", "order_total": 37021500.0, "tax": 779400.0, "discount": 2727900.0000000005, "status": "New", "order_note": "test 8/10", "ip": "127.0.0.1", "is_ordered": true, "created_at": "2025-10-08T14:26:02.869Z", "modified_at": "2025-10-08T14:26:06.680Z"}}, {"model": "orders.order", "pk": 80, "fields": {"user": 13, "payment": 6, "first_name": "Thanh", "last_name": "Le", "email": "lehoangthanh88888@gmail.com", "phone_number": "0944354576", "order_number": "2025100880", "address_line1": "Giong Luc", "address_line2": "", "province": "Ben Tre", "village": "Tan Loi Thanh", "order_total": 37021500.0, "tax": 779400.0, "discount": 2727900.0000000005, "status": "New", "order_note": "test 9:28 8/10", "ip": "127.0.0.1", "is_ordered": true, "created_at": "2025-10-08T14:28:52.394Z", "modified_at": "2025-10-08T14:28:56.124Z"}}, {"model": "orders.order", "pk": 81, "fields": {"user": 13, "payment": 7, "first_name": "Thanh", "last_name": "Le", "email": "lehoangthanh88888@gmail.com", "phone_number": "0944354576", "order_number": "2025100981", "address_line1": "gda", "address_line2": "", "province": "rwetrewt", "village": "dfgsd", "order_total": 12340500.0, "tax": 259800.0, "discount": 909300.0000000001, "status": "New", "order_note": "", "ip": "127.0.0.1", "is_ordered": true, "created_at": "2025-10-09T13:19:51.950Z", "modified_at": "2025-10-09T13:19:55.168Z"}}, {"model": "orders.order", "pk": 82, "fields": {"user": 13, "payment": null, "first_name": "Thanh", "last_name": "Le", "email": "lehoangthanh88888@gmail.com", "phone_number": "0944354576", "order_number": "2025100982", "address_line1": "gda", "address_line2": "", "province": "rwetrewt", "village": "dfgsd", "order_total": 0.0, "tax": 0.0, "discount": 0.0, "status": "New", "order_note": "", "ip": "127.0.0.1", "is_ordered": false, "created_at": "2025-10-09T13:26:00.553Z", "modified_at": "2025-10-09T13:26:00.560Z"}}, {"model": "orders.order", "pk": 83, "fields": {"user": 13, "payment": 8, "first_name": "Thanh", "last_name": "Le", "email": "lehoangthanh88888@gmail.com", "phone_number": "0944354576", "order_number": "2025100983", "address_line1": "dfsg", "address_line2": "", "province": "sdfsdfsdf", "village": "sdfgsdf", "order_total": 12340500.0, "tax": 259800.0, "discount": 909300.0000000001, "status": "New", "order_note": "", "ip": "127.0.0.1", "is_ordered": true, "created_at": "2025-10-09T13:26:23.452Z", "modified_at": "2025-10-09T13:26:25.619Z"}}, {"model": "orders.order", "pk": 84, "fields": {"user": 13, "payment": 9, "first_name": "Thanh", "last_name": "Le", "email": "lehoangthanh88888@gmail.com", "phone_number": "0944354576", "order_number": "2025100984", "address_line1": "fgdsg", "address_line2": "", "province": "sdfdf", "village": "rtr", "order_total": 12340500.0, "tax": 259800.0, "discount": 909300.0000000001, "status": "New", "order_note": "", "ip": "127.0.0.1", "is_ordered": true, "created_at": "2025-10-09T13:27:02.455Z", "modified_at": "2025-10-09T13:27:04.350Z"}}, {"model": "orders.order", "pk": 85, "fields": {"user": 13, "payment": 10, "first_name": "Thanh", "last_name": "Le", "email": "lehoangthanh88888@gmail.com", "phone_number": "0944354576", "order_number": "2025100985", "address_line1": "fsdr", "address_line2": "", "province": "23werterw", "village": "werewr", "order_total": 12340500.0, "tax": 259800.0, "discount": 909300.0000000001, "status": "Delivering", "order_note": "", "ip": "127.0.0.1", "is_ordered": true, "created_at": "2025-10-09T13:33:52.842Z", "modified_at": "2025-10-12T13:25:28.432Z"}}, {"model": "orders.order", "pk": 86, "fields": {"user": 13, "payment": 11, "first_name": "Thanh", "last_name": "Le", "email": "lehoangthanh88888@gmail.com", "phone_number": "0944354576", "order_number": "2025100986", "address_line1": "fsdf", "address_line2": "", "province": "dsfsdf", "village": "ewr", "order_total": 12340500.0, "tax": 259800.0, "discount": 909300.0000000001, "status": "New", "order_note": "", "ip": "127.0.0.1", "is_ordered": true, "created_at": "2025-10-09T13:45:16.768Z", "modified_at": "2025-10-09T13:45:18.612Z"}}, {"model": "orders.order", "pk": 87, "fields": {"user": 13, "payment": 12, "first_name": "Thanh", "last_name": "Le", "email": "lehoangthanh88888@gmail.com", "phone_number": "0944354576", "order_number": "2025100987", "address_line1": "fdf", "address_line2": "", "province": "sdfdsfds", "village": "dsfsd", "order_total": 12340500.0, "tax": 259800.0, "discount": 909300.0000000001, "status": "Delivering", "order_note": "", "ip": "127.0.0.1", "is_ordered": true, "created_at": "2025-10-09T13:48:58.774Z", "modified_at": "2025-10-12T13:25:22.238Z"}}, {"model": "orders.orderproduct", "pk": 1, "fields": {"order": 80, "payment": 6, "user": 13, "product": 4, "quantity": 2, "product_price": 12990000.0, "ordered": true, "created_at": "2025-10-08T14:28:56.137Z", "modified_at": "2025-10-08T14:28:56.148Z", "variation": [1, 4]}}, {"model": "orders.orderproduct", "pk": 2, "fields": {"order": 80, "payment": 6, "user": 13, "product": 4, "quantity": 1, "product_price": 12990000.0, "ordered": true, "created_at": "2025-10-08T14:28:56.168Z", "modified_at": "2025-10-08T14:28:56.174Z", "variation": [2, 3]}}, {"model": "orders.orderproduct", "pk": 3, "fields": {"order": 81, "payment": 7, "user": 13, "product": 4, "quantity": 1, "product_price": 12990000.0, "ordered": true, "created_at": "2025-10-09T13:19:55.181Z", "modified_at": "2025-10-09T13:19:55.197Z", "variation": [1, 4]}}, {"model": "orders.orderproduct", "pk": 4, "fields": {"order": 83, "payment": 8, "user": 13, "product": 4, "quantity": 1, "product_price": 12990000.0, "ordered": true, "created_at": "2025-10-09T13:26:25.629Z", "modified_at": "2025-10-09T13:26:25.651Z", "variation": [2, 4]}}, {"model": "orders.orderproduct", "pk": 5, "fields": {"order": 84, "payment": 9, "user": 13, "product": 4, "quantity": 1, "product_price": 12990000.0, "ordered": true, "created_at": "2025-10-09T13:27:04.359Z", "modified_at": "2025-10-09T13:27:04.375Z", "variation": [2, 3]}}, {"model": "orders.orderproduct", "pk": 6, "fields": {"order": 85, "payment": 10, "user": 13, "product": 4, "quantity": 1, "product_price": 12990000.0, "ordered": true, "created_at": "2025-10-09T13:33:56.386Z", "modified_at": "2025-10-09T13:33:56.403Z", "variation": [1, 4]}}, {"model": "orders.orderproduct", "pk": 7, "fields": {"order": 86, "payment": 11, "user": 13, "product": 4, "quantity": 1, "product_price": 12990000.0, "ordered": true, "created_at": "2025-10-09T13:45:18.621Z", "modified_at": "2025-10-09T13:45:18.640Z", "variation": [1, 4]}}, {"model": "orders.orderproduct", "pk": 8, "fields": {"order": 87, "payment": 12, "user": 13, "product": 4, "quantity": 1, "product_price": 12990000.0, "ordered": true, "created_at": "2025-10-09T13:49:00.496Z", "modified_at": "2025-10-09T13:49:00.515Z", "variation": [1, 3]}}]
